field,group,source,formula,role,availability,preprocessing
n_items,order,"order_items: price, freight_value, product_id, seller_id",sums / counts per order; freight_ratio = freight / price,input,conditional order snapshot,median impute + missing indicator; log1p + scaling for the linear family only
n_distinct_products,order,"order_items: price, freight_value, product_id, seller_id",sums / counts per order; freight_ratio = freight / price,input,conditional order snapshot,median impute + missing indicator; log1p + scaling for the linear family only
n_sellers,order,"order_items: price, freight_value, product_id, seller_id",sums / counts per order; freight_ratio = freight / price,input,conditional order snapshot,median impute + missing indicator; log1p + scaling for the linear family only
total_price,order,"order_items: price, freight_value, product_id, seller_id",sums / counts per order; freight_ratio = freight / price,input,conditional order snapshot,median impute + missing indicator; log1p + scaling for the linear family only
total_freight,order,"order_items: price, freight_value, product_id, seller_id",sums / counts per order; freight_ratio = freight / price,input,conditional order snapshot,median impute + missing indicator; log1p + scaling for the linear family only
freight_ratio,order,"order_items: price, freight_value, product_id, seller_id",sums / counts per order; freight_ratio = freight / price,input,conditional order snapshot,median impute + missing indicator; log1p + scaling for the linear family only
total_weight_g,product,"products: weight, length, height, width, category; translation","sum / max weight, volume l*h*w, max dimension, category of priciest item, n_categories",input,static catalogue assumption,median impute + missing indicator; log1p + scaling for the linear family only
max_weight_g,product,"products: weight, length, height, width, category; translation","sum / max weight, volume l*h*w, max dimension, category of priciest item, n_categories",input,static catalogue assumption,median impute + missing indicator; log1p + scaling for the linear family only
total_volume_cm3,product,"products: weight, length, height, width, category; translation","sum / max weight, volume l*h*w, max dimension, category of priciest item, n_categories",input,static catalogue assumption,median impute + missing indicator; log1p + scaling for the linear family only
max_dimension_cm,product,"products: weight, length, height, width, category; translation","sum / max weight, volume l*h*w, max dimension, category of priciest item, n_categories",input,static catalogue assumption,median impute + missing indicator; log1p + scaling for the linear family only
main_category,product,"products: weight, length, height, width, category; translation","sum / max weight, volume l*h*w, max dimension, category of priciest item, n_categories",input,static catalogue assumption,CatBoost: raw via cat_features; others: one-hot (low cardinality) or cross-fitted target encoding
n_categories,product,"products: weight, length, height, width, category; translation","sum / max weight, volume l*h*w, max dimension, category of priciest item, n_categories",input,static catalogue assumption,median impute + missing indicator; log1p + scaling for the linear family only
max_distance_km,geography,"customers, sellers, geolocation","max item-route haversine km (regression compute_routes, screened-median zip coordinates), missing flag, same state / city, state, macro-region, 2-digit zip",input,static reference assumption,median impute + missing indicator; log1p + scaling for the linear family only
any_distance_missing,geography,"customers, sellers, geolocation","max item-route haversine km (regression compute_routes, screened-median zip coordinates), missing flag, same state / city, state, macro-region, 2-digit zip",input,static reference assumption,median impute + missing indicator; log1p + scaling for the linear family only
same_state,geography,"customers, sellers, geolocation","max item-route haversine km (regression compute_routes, screened-median zip coordinates), missing flag, same state / city, state, macro-region, 2-digit zip",input,static reference assumption,median impute + missing indicator; log1p + scaling for the linear family only
same_city,geography,"customers, sellers, geolocation","max item-route haversine km (regression compute_routes, screened-median zip coordinates), missing flag, same state / city, state, macro-region, 2-digit zip",input,static reference assumption,median impute + missing indicator; log1p + scaling for the linear family only
customer_state,geography,"customers, sellers, geolocation","max item-route haversine km (regression compute_routes, screened-median zip coordinates), missing flag, same state / city, state, macro-region, 2-digit zip",input,static reference assumption,CatBoost: raw via cat_features; others: one-hot (low cardinality) or cross-fitted target encoding
seller_state,geography,"customers, sellers, geolocation","max item-route haversine km (regression compute_routes, screened-median zip coordinates), missing flag, same state / city, state, macro-region, 2-digit zip",input,static reference assumption,CatBoost: raw via cat_features; others: one-hot (low cardinality) or cross-fitted target encoding
customer_region,geography,"customers, sellers, geolocation","max item-route haversine km (regression compute_routes, screened-median zip coordinates), missing flag, same state / city, state, macro-region, 2-digit zip",input,static reference assumption,CatBoost: raw via cat_features; others: one-hot (low cardinality) or cross-fitted target encoding
seller_region,geography,"customers, sellers, geolocation","max item-route haversine km (regression compute_routes, screened-median zip coordinates), missing flag, same state / city, state, macro-region, 2-digit zip",input,static reference assumption,CatBoost: raw via cat_features; others: one-hot (low cardinality) or cross-fitted target encoding
customer_zip2,geography,"customers, sellers, geolocation","max item-route haversine km (regression compute_routes, screened-median zip coordinates), missing flag, same state / city, state, macro-region, 2-digit zip",input,static reference assumption,CatBoost: raw via cat_features; others: one-hot (low cardinality) or cross-fitted target encoding
promised_days,timing,"orders: purchase, approved, estimated; order_items: shipping_limit_date","promised_days, days_to_shipping_limit, month / weekday / hour, weekend, Black-Friday week, approval lag",input,known at approval,median impute + missing indicator; log1p + scaling for the linear family only
days_to_shipping_limit,timing,"orders: purchase, approved, estimated; order_items: shipping_limit_date","promised_days, days_to_shipping_limit, month / weekday / hour, weekend, Black-Friday week, approval lag",input,known at approval,median impute + missing indicator; log1p + scaling for the linear family only
purchase_month_num,timing,"orders: purchase, approved, estimated; order_items: shipping_limit_date","promised_days, days_to_shipping_limit, month / weekday / hour, weekend, Black-Friday week, approval lag",input,known at approval,median impute + missing indicator; log1p + scaling for the linear family only
purchase_dow,timing,"orders: purchase, approved, estimated; order_items: shipping_limit_date","promised_days, days_to_shipping_limit, month / weekday / hour, weekend, Black-Friday week, approval lag",input,known at approval,median impute + missing indicator; log1p + scaling for the linear family only
purchase_hour,timing,"orders: purchase, approved, estimated; order_items: shipping_limit_date","promised_days, days_to_shipping_limit, month / weekday / hour, weekend, Black-Friday week, approval lag",input,known at approval,median impute + missing indicator; log1p + scaling for the linear family only
is_weekend,timing,"orders: purchase, approved, estimated; order_items: shipping_limit_date","promised_days, days_to_shipping_limit, month / weekday / hour, weekend, Black-Friday week, approval lag",input,known at approval,median impute + missing indicator; log1p + scaling for the linear family only
black_friday_week,timing,"orders: purchase, approved, estimated; order_items: shipping_limit_date","promised_days, days_to_shipping_limit, month / weekday / hour, weekend, Black-Friday week, approval lag",input,known at approval,median impute + missing indicator; log1p + scaling for the linear family only
approval_lag_hours,timing,"orders: purchase, approved, estimated; order_items: shipping_limit_date","promised_days, days_to_shipping_limit, month / weekday / hour, weekend, Black-Friday week, approval lag",input,known at approval,median impute + missing indicator; log1p + scaling for the linear family only
main_payment_type,payment,payments,"main type, max installments, n methods, total",input,known at approval,CatBoost: raw via cat_features; others: one-hot (low cardinality) or cross-fitted target encoding
payment_max_installments,payment,payments,"main type, max installments, n methods, total",input,known at approval,median impute + missing indicator; log1p + scaling for the linear family only
n_payment_methods,payment,payments,"main type, max installments, n methods, total",input,known at approval,median impute + missing indicator; log1p + scaling for the linear family only
payment_total,payment,payments,"main type, max installments, n methods, total",input,known at approval,median impute + missing indicator; log1p + scaling for the linear family only
seller_prior_orders,seller_history,"orders, reviews, order_items by seller_id","prior orders, tenure, prior mean delivery days, prior late rate, prior low-review rate; only outcomes known before this order's purchase; smoothed to training prior (m=20)",input,point-in-time; merge_asof on the time each outcome became known,median impute + missing indicator; log1p + scaling for the linear family only
seller_tenure_days,seller_history,"orders, reviews, order_items by seller_id","prior orders, tenure, prior mean delivery days, prior late rate, prior low-review rate; only outcomes known before this order's purchase; smoothed to training prior (m=20)",input,point-in-time; merge_asof on the time each outcome became known,median impute + missing indicator; log1p + scaling for the linear family only
seller_prior_mean_delivery_days,seller_history,"orders, reviews, order_items by seller_id","prior orders, tenure, prior mean delivery days, prior late rate, prior low-review rate; only outcomes known before this order's purchase; smoothed to training prior (m=20)",input,point-in-time; merge_asof on the time each outcome became known,median impute + missing indicator; log1p + scaling for the linear family only
seller_prior_late_rate,seller_history,"orders, reviews, order_items by seller_id","prior orders, tenure, prior mean delivery days, prior late rate, prior low-review rate; only outcomes known before this order's purchase; smoothed to training prior (m=20)",input,point-in-time; merge_asof on the time each outcome became known,median impute + missing indicator; log1p + scaling for the linear family only
seller_prior_low_review_rate,seller_history,"orders, reviews, order_items by seller_id","prior orders, tenure, prior mean delivery days, prior late rate, prior low-review rate; only outcomes known before this order's purchase; smoothed to training prior (m=20)",input,point-in-time; merge_asof on the time each outcome became known,median impute + missing indicator; log1p + scaling for the linear family only
seller_id_enc,seller_history,"orders, reviews, order_items by seller_id","prior orders, tenure, prior mean delivery days, prior late rate, prior low-review rate; only outcomes known before this order's purchase; smoothed to training prior (m=20)",input,point-in-time; merge_asof on the time each outcome became known,CatBoost: raw via cat_features; others: one-hot (low cardinality) or cross-fitted target encoding
route_prior_orders,route_history,"orders, customers, sellers by seller_state-customer_state","prior orders, prior mean delivery days, prior late rate; same as-of rule",input,point-in-time,median impute + missing indicator; log1p + scaling for the linear family only
route_prior_mean_delivery_days,route_history,"orders, customers, sellers by seller_state-customer_state","prior orders, prior mean delivery days, prior late rate; same as-of rule",input,point-in-time,median impute + missing indicator; log1p + scaling for the linear family only
route_prior_late_rate,route_history,"orders, customers, sellers by seller_state-customer_state","prior orders, prior mean delivery days, prior late rate; same as-of rule",input,point-in-time,median impute + missing indicator; log1p + scaling for the linear family only
delivered_by_T,delivery_at_T,"orders: carrier, customer-delivered, estimated dates","delivered_by_T, delivery_days, days_vs_promise (<=0), carrier handover / transit, delivery vs seller prior; NaN with indicator when not delivered by T",input,"known at T = min(delivered, estimated); never used for the regression problem",median impute + missing indicator; log1p + scaling for the linear family only
delivery_days_at_T,delivery_at_T,"orders: carrier, customer-delivered, estimated dates","delivered_by_T, delivery_days, days_vs_promise (<=0), carrier handover / transit, delivery vs seller prior; NaN with indicator when not delivered by T",input,"known at T = min(delivered, estimated); never used for the regression problem",median impute + missing indicator; log1p + scaling for the linear family only
days_vs_promise_at_T,delivery_at_T,"orders: carrier, customer-delivered, estimated dates","delivered_by_T, delivery_days, days_vs_promise (<=0), carrier handover / transit, delivery vs seller prior; NaN with indicator when not delivered by T",input,"known at T = min(delivered, estimated); never used for the regression problem",median impute + missing indicator; log1p + scaling for the linear family only
carrier_shipped_by_T,delivery_at_T,"orders: carrier, customer-delivered, estimated dates","delivered_by_T, delivery_days, days_vs_promise (<=0), carrier handover / transit, delivery vs seller prior; NaN with indicator when not delivered by T",input,"known at T = min(delivered, estimated); never used for the regression problem",median impute + missing indicator; log1p + scaling for the linear family only
carrier_handover_days_at_T,delivery_at_T,"orders: carrier, customer-delivered, estimated dates","delivered_by_T, delivery_days, days_vs_promise (<=0), carrier handover / transit, delivery vs seller prior; NaN with indicator when not delivered by T",input,"known at T = min(delivered, estimated); never used for the regression problem",median impute + missing indicator; log1p + scaling for the linear family only
carrier_transit_days_at_T,delivery_at_T,"orders: carrier, customer-delivered, estimated dates","delivered_by_T, delivery_days, days_vs_promise (<=0), carrier handover / transit, delivery vs seller prior; NaN with indicator when not delivered by T",input,"known at T = min(delivered, estimated); never used for the regression problem",median impute + missing indicator; log1p + scaling for the linear family only
delivery_vs_seller_prior_at_T,delivery_at_T,"orders: carrier, customer-delivered, estimated dates","delivered_by_T, delivery_days, days_vs_promise (<=0), carrier handover / transit, delivery vs seller prior; NaN with indicator when not delivered by T",input,"known at T = min(delivered, estimated); never used for the regression problem",median impute + missing indicator; log1p + scaling for the linear family only
delivery_days,post_outcome,orders / reviews,,target or audit; never an input,after the outcome,excluded from X
has_review_comment,post_outcome,orders / reviews,,target or audit; never an input,after the outcome,excluded from X
is_low_review,post_outcome,orders / reviews,,target,after the outcome,excluded from X
is_on_time,post_outcome,orders / reviews,,target or audit; never an input,after the outcome,excluded from X
order_delivered_carrier_date,post_outcome,orders / reviews,,target or audit; never an input,after the outcome,excluded from X
order_delivered_customer_date,post_outcome,orders / reviews,,target or audit; never an input,after the outcome,excluded from X
order_status,post_outcome,orders / reviews,,target or audit; never an input,after the outcome,excluded from X
review_answer_timestamp,post_outcome,orders / reviews,,target or audit; never an input,after the outcome,excluded from X
review_creation_date,post_outcome,orders / reviews,,target or audit; never an input,after the outcome,excluded from X
review_score,post_outcome,orders / reviews,,target or audit; never an input,after the outcome,excluded from X
survey_trigger_time,post_outcome,orders / reviews,,target or audit; never an input,after the outcome,excluded from X
