algorithm,stage,model,CV_MAE_mean,CV_MAE_std,CV_RMSE_mean,fit_MAE_mean
boost,bounded_review,boost_absolute,4.640655368426376,1.0452084054640747,7.260274369515955,3.9887101726094447
boost,bounded_review,boost_squared,4.576174178875358,0.9264914031391881,6.950604851720077,4.1615127736546
forest,bounded_review,rf_full_l1,5.070817667388824,0.621673953623831,7.524171901100671,1.9918605365488762
forest,bounded_review,rf_full_l3,4.601720001058776,0.8397642845198189,7.042207736333718,2.676607196738066
forest,bounded_review,rf_recent180,4.54496641665554,0.8385250900381082,6.976382451370589,3.6533167856979296
forest,original_grid,rf_d16_l5,4.5579573981223005,0.8494113804701489,6.981175569058063,3.579484227949336
forest,original_grid,rf_d24_l10,4.55242386987357,0.8453915071946142,6.9747864505510355,3.650330935893411
forest,original_grid,rf_log_d24_l10,4.6039402603637285,0.9453648087615514,7.236915877316818,3.531149239655909
linear,original_grid,linear,9.580373698885076,7.091107772756302,14.339381342237134,4.348233188821718
ridge,bounded_review,ridge_a1,6.8888833865122505,2.8041865303097504,9.998799064550562,4.349209856101344
ridge,bounded_review,ridge_a1000,4.581444982882739,0.8146793914037647,6.92318026759634,4.412667510606666
ridge,bounded_review,ridge_logx_a100,4.57282646906614,0.9527010173194042,6.997945827207974,4.344865729498065
ridge,bounded_review,ridge_logx_a1000,4.540111795435887,0.8096489279313982,6.906204412751848,4.409686448172445
ridge,bounded_review,ridge_recent180,4.563762693111524,0.9071328708054502,6.971637069559855,4.363549337501653
ridge,original_grid,ridge_a10,4.911318829589892,0.9953447329474587,7.3536150717691475,4.349895829753213
ridge,original_grid,ridge_a100,4.616042350556469,0.962039456471617,7.02605723848093,4.362009475781057
tree,original_grid,tree_d14,4.84258784206008,0.7917196306843812,7.289081628981676,4.110440852588272
tree,original_grid,tree_d8,4.6867072144312,0.785754784519885,7.1223266606411135,4.33146943243682
