model,duration_group,n,MAE_days,RMSE_days,R2,bias_days,P90_abs_error_days,tail_n,tail_MAE_days
linear,"(-0.001, 7.0]",1404,3.0894793173239345,4.004249725422821,-5.749119621686596,2.9675283709433353,6.235389977125019,0,
linear,"(7.0, 14.0]",2248,2.9245648736149756,3.7157668637454577,-2.3036150118745393,0.8251093977544659,6.172797729490317,0,
linear,"(14.0, 30.0]",2507,6.932734682858873,8.36483870515981,-2.532442853843148,-6.456179213071004,13.750071815267424,0,
linear,"(30.0, 60.0]",807,22.547499098016175,23.863543650437876,-10.93043302152704,-22.547499098016175,32.68880297189713,0,
linear,"(60.0, inf]",37,52.928463395519046,54.36029022326688,-27.988337619229416,-52.928463395519046,71.33768915387911,37,52.928463395519046
ridge_a100,"(-0.001, 7.0]",1404,3.0944689435045714,3.9954076887762517,-5.719346215938387,2.977899661131112,6.260605146718863,0,
ridge_a100,"(7.0, 14.0]",2248,2.9273192385951106,3.715175279852822,-2.3025631644773394,0.8700948086158382,6.196038560030381,0,
ridge_a100,"(14.0, 30.0]",2507,6.900815951248032,8.326212671537787,-2.499894891062836,-6.445857398739329,13.703582895674645,0,
ridge_a100,"(30.0, 60.0]",807,22.59213309776409,23.872091217799696,-10.938981160443769,-22.59213309776409,32.582933647049764,0,
ridge_a100,"(60.0, inf]",37,52.898098126099526,54.31561070446727,-27.94070532350182,-52.898098126099526,71.20471136493305,37,52.898098126099526
tree_d8,"(-0.001, 7.0]",1404,2.67259019432969,3.5890234013717945,-4.421973577531042,2.436777111195547,6.004775782567208,0,
tree_d8,"(7.0, 14.0]",2248,3.080379953927248,4.682000882854025,-4.245120843479105,0.702898234333509,5.858590369750003,0,
tree_d8,"(14.0, 30.0]",2507,7.744568976400387,9.279739471254853,-3.3474197068805616,-6.605502327231619,14.729703327480534,0,
tree_d8,"(30.0, 60.0]",807,23.066164585922373,24.50378973639024,-11.579195034676655,-22.585608090130663,34.01396191969922,0,
tree_d8,"(60.0, inf]",37,53.2355710734529,54.88158397310512,-28.546976858596867,-53.2355710734529,72.159097607657,37,53.2355710734529
rf_d24_l10,"(-0.001, 7.0]",1404,2.6987096920341895,3.640366565141891,-4.578212449659031,2.4857584515036883,5.666624353750367,0,
rf_d24_l10,"(7.0, 14.0]",2248,3.046396456278607,4.225195700092343,-3.271556687567979,0.7299840503051119,6.203462456478551,0,
rf_d24_l10,"(14.0, 30.0]",2507,7.418843837300515,8.82054473528027,-2.92781311952171,-6.291962370489583,14.29969586945311,0,
rf_d24_l10,"(30.0, 60.0]",807,22.20991127078398,23.901191814025033,-10.968106655161737,-22.16558039191647,33.36448991540014,0,
rf_d24_l10,"(60.0, inf]",37,52.31397279926002,54.063359091729474,-27.6725176904365,-52.31397279926002,70.56088685895928,37,52.31397279926002
ridge_logx_a1000,"(-0.001, 7.0]",1404,3.0239342563094365,4.018376760793821,-5.7968255578011165,2.610319678887327,6.574963677654458,0,
ridge_logx_a1000,"(7.0, 14.0]",2248,3.0410678464523784,3.79623303757612,-2.44824602906163,1.2580948000014618,6.313532904040005,0,
ridge_logx_a1000,"(14.0, 30.0]",2507,6.626029289657058,8.003273879631136,-2.2336674926434763,-6.221229625676054,13.127487744683219,0,
ridge_logx_a1000,"(30.0, 60.0]",807,22.67372038499758,23.86213521519224,-10.929024785873315,-22.67372038499758,32.34174630753606,0,
ridge_logx_a1000,"(60.0, inf]",37,53.01945900855518,54.340270437352494,-27.96698992417412,-53.01945900855518,69.98043985277516,37,53.01945900855518
rf_recent180,"(-0.001, 7.0]",1404,2.703844921158987,3.663595367148151,-4.649627563031516,2.491928117536895,5.691073173798746,0,
rf_recent180,"(7.0, 14.0]",2248,3.109527237791374,4.252572270962212,-3.327089937549383,0.8465680891524617,6.288310923664793,0,
rf_recent180,"(14.0, 30.0]",2507,7.196141362925798,8.608515605527414,-2.741248405446759,-6.101147971889804,14.091589747337384,0,
rf_recent180,"(30.0, 60.0]",807,21.877550515199573,23.526088280639343,-10.595401233423173,-21.856814276435433,32.86528791528265,0,
rf_recent180,"(60.0, inf]",37,52.13171434967429,53.801928773959325,-27.39588886356901,-52.13171434967429,70.0408573867602,37,52.13171434967429
boost_squared,"(-0.001, 7.0]",1404,2.833323746357032,3.659382860152335,-4.6366428249214895,2.6906973038471294,5.7821585333738,0,
boost_squared,"(7.0, 14.0]",2248,2.7804915687141323,3.6975085433795516,-2.271228552349382,0.7880400491010457,5.783258618892734,0,
boost_squared,"(14.0, 30.0]",2507,7.205030427470207,8.5754381128386,-2.712552781057761,-6.46548369416863,14.015821187692666,0,
boost_squared,"(30.0, 60.0]",807,22.54839915909742,24.050301524418412,-11.11790064888547,-22.53032527881384,33.53549577015929,0,
boost_squared,"(60.0, inf]",37,52.55605162277279,54.28219805048938,-27.90511009273671,-52.55605162277279,72.44154716488447,37,52.55605162277279
