model,role,n,MAE_days,RMSE_days,R2,bias_days,P90_abs_error_days,tail_n,tail_MAE_days,fit_MAE_days,within_3_days_pct
promise,reference,7003,9.825020601289923,12.201830136023538,-0.13498223405983256,5.731656632937736,18.839881944444453,37,40.75420138888887,,
train_mean,reference,7003,8.407147993817853,11.942783528054122,-0.08730212012525951,-3.3840972759491628,19.267700990428672,37,56.47943854047871,,
train_median,reference,7003,8.644848169402266,12.59430203177966,-0.2091698849481458,-5.238175220705678,21.121778935185187,37,58.33351648523524,,
linear,CV_selected,7003,6.917978232910142,10.673878751391216,0.13147235935300172,-4.329368905604138,17.090944181750796,37,52.928463395519046,4.777259428502873,39.76867056975582
ridge_a100,fixed_original_comparator,7003,6.913419202539248,10.663332560391039,0.1331877869980177,-4.314136982036888,17.042119794576713,37,52.898098126099526,4.777519968018846,39.62587462516065
tree_d8,CV_selected,7003,7.236435262553224,11.205030677863633,0.042882595219594144,-4.534477495062487,18.45736750456267,37,53.2355710734529,4.737564831463624,40.28273597029845
rf_d24_l10,fixed_original_comparator,7003,7.010616097463657,10.840354382478084,0.10416902708271458,-4.350447097196848,17.690818264031886,37,52.31397279926002,3.962781216849512,40.38269313151506
ridge_logx_a1000,CV_selected,7003,6.8474642264548375,10.583504724705483,0.14611746652339008,-4.19291004798206,16.905601471173906,37,53.01945900855518,4.782575067188289,39.64015421962016
rf_recent180,CV_selected,7003,6.912922832132116,10.681750901750888,0.13019078184945743,-4.206932511225554,17.347304097485793,37,52.13171434967429,3.9902563146149013,40.325574753676996
boost_squared,CV_selected,7003,6.915989561538864,10.752761429934184,0.11858764367500252,-4.396153218098757,17.40629191219451,37,52.55605162277279,4.585842608072929,40.439811509353135
