field,n,missing_n,missing_pct,unique_n,min,median,p99,max
promised_lead_time_days,96470,0,0.0,93880,2.0080092592592593,23.23087962962963,50.21146782407407,155.13546296296298
max_distance_km,96470,476,0.4934176427905048,19169,0.0,435.6,2483.9,8677.9
total_price,96470,0,0.0,7522,0.85,86.5,990.0,13440.0
total_freight,96470,0,0.0,7716,0.0,17.17,104.24619999999994,1794.96
freight_ratio,96470,0,0.0,43366,0.0,0.2243739565943238,1.4585843597883583,21.447058823529417
item_count,96470,0,0.0,17,1.0,1.0,3.0,21.0
seller_count,96470,0,0.0,5,1.0,1.0,2.0,5.0
avg_product_weight_g,96470,22,0.02280501710376283,2766,2.0,700.0,18229.23999999999,40425.0
any_distance_missing,96470,0,0.0,2,0.0,0.0,0.0,1.0
any_weight_missing,96470,0,0.0,2,0.0,0.0,0.0,1.0
customer_state,96470,0,0.0,27,,,,
route_group,96470,0,0.0,2,,,,
category_group,96470,0,0.0,73,,,,
purchase_month,96470,0,0.0,12,1.0,6.0,12.0,12.0
purchase_weekday,96470,0,0.0,7,0.0,3.0,6.0,6.0
purchase_hour,96470,0,0.0,24,0.0,15.0,23.0,23.0
