candidate,family,inner_fold,n,MAE_days,elapsed_seconds,outer_fold
ridge_F0_raw_a100,ridge,1,17236,5.014856834630561,0.1565739999641664,1
ridge_F0_raw_a1000,ridge,1,17236,5.031351109505597,0.1521186659811064,1
ridge_F0_raw_a10000,ridge,1,17236,5.215165283745518,0.134751875011716,1
ridge_F0_log_a100,ridge,1,17236,5.008322384454158,0.1378149170195683,1
ridge_F0_log_a1000,ridge,1,17236,5.052145281057751,0.1322829579585231,1
ridge_F0_log_a10000,ridge,1,17236,5.23357384931208,0.1341050419723615,1
ridge_F1_time_raw_a100,ridge,1,17236,4.917672979504255,0.5174178750021383,1
ridge_F1_time_raw_a1000,ridge,1,17236,4.9594170405970175,0.4878816659911535,1
ridge_F1_time_raw_a10000,ridge,1,17236,5.061018097433277,0.4923887920449488,1
ridge_F1_time_log_a100,ridge,1,17236,4.915637861153391,0.5053023750078864,1
ridge_F1_time_log_a1000,ridge,1,17236,4.96162722720957,0.4957589160185307,1
ridge_F1_time_log_a10000,ridge,1,17236,5.073878844741424,0.4960190420388244,1
forest_F0_0,forest,1,17236,4.827209036851592,6.72667016700143,1
forest_F0_1,forest,1,17236,4.839013836889193,7.82230579102179,1
forest_F0_2,forest,1,17236,4.84699172873227,4.573244125000201,1
forest_F1_time_0,forest,1,17236,4.636575504552245,11.172771999961697,1
forest_F1_time_1,forest,1,17236,4.654508281182862,12.91318825003691,1
forest_F1_time_2,forest,1,17236,4.65944931058806,7.624250708031468,1
ridge_F0_raw_a100,ridge,2,17236,4.9789738649516835,0.1500557499821297,1
ridge_F0_raw_a1000,ridge,2,17236,4.987177969051985,0.134356916998513,1
ridge_F0_raw_a10000,ridge,2,17236,5.147424268245773,0.1369649580447003,1
ridge_F0_log_a100,ridge,2,17236,4.973706934005293,0.1461233749869279,1
ridge_F0_log_a1000,ridge,2,17236,5.009210166804551,0.1433916669921018,1
ridge_F0_log_a10000,ridge,2,17236,5.167839035493852,0.1368324579671025,1
ridge_F1_time_raw_a100,ridge,2,17236,4.9079899037167785,0.5273189999861643,1
ridge_F1_time_raw_a1000,ridge,2,17236,4.9282216673412265,0.52269349998096,1
ridge_F1_time_raw_a10000,ridge,2,17236,5.010325455808952,0.512706125038676,1
ridge_F1_time_log_a100,ridge,2,17236,4.906152597361706,0.533191959024407,1
ridge_F1_time_log_a1000,ridge,2,17236,4.934721538947238,0.5070602920022793,1
ridge_F1_time_log_a10000,ridge,2,17236,5.025418515847558,0.5068339580320753,1
forest_F0_0,forest,2,17236,4.809350307689517,7.199882332992274,1
forest_F0_1,forest,2,17236,4.8163955808940555,8.085094749985728,1
forest_F0_2,forest,2,17236,4.808122678204657,4.607660083041992,1
forest_F1_time_0,forest,2,17236,4.6215655322766365,11.361525125044864,1
forest_F1_time_1,forest,2,17236,4.6282608563068495,13.145084667019546,1
forest_F1_time_2,forest,2,17236,4.629659872435967,7.837223707989324,1
ridge_F0_raw_a100,ridge,3,17235,5.059328203152878,0.1474628340220078,1
ridge_F0_raw_a1000,ridge,3,17235,5.085149085289606,0.1412201669882051,1
ridge_F0_raw_a10000,ridge,3,17235,5.290517730518848,0.1409696670016273,1
ridge_F0_log_a100,ridge,3,17235,5.052396735778404,0.1436480829725042,1
ridge_F0_log_a1000,ridge,3,17235,5.1084605933377425,0.1429578750394284,1
ridge_F0_log_a10000,ridge,3,17235,5.316207919203597,0.1393707920215092,1
ridge_F1_time_raw_a100,ridge,3,17235,4.963363781067755,0.5341162500553764,1
ridge_F1_time_raw_a1000,ridge,3,17235,5.003209496215808,0.5289818749879487,1
ridge_F1_time_raw_a10000,ridge,3,17235,5.127227309982762,0.567938124993816,1
ridge_F1_time_log_a100,ridge,3,17235,4.964831253924554,0.5104756249929778,1
ridge_F1_time_log_a1000,ridge,3,17235,5.009951624638333,0.532287624955643,1
ridge_F1_time_log_a10000,ridge,3,17235,5.1411583349167325,0.6055437499890104,1
forest_F0_0,forest,3,17235,4.906388499534062,7.389258333016187,1
forest_F0_1,forest,3,17235,4.916193430209251,8.61521395802265,1
forest_F0_2,forest,3,17235,4.909734176101949,4.905801207991317,1
forest_F1_time_0,forest,3,17235,4.679993035113669,12.554897082969546,1
forest_F1_time_1,forest,3,17235,4.698154082005784,15.59340420801891,1
forest_F1_time_2,forest,3,17235,4.688164660561964,9.351833374996204,1
ridge_F0_raw_a100,ridge,1,17236,5.013396186586439,0.1652517909533344,2
ridge_F0_raw_a1000,ridge,1,17236,5.036261225086728,0.1654942500172183,2
ridge_F0_raw_a10000,ridge,1,17236,5.234690338060955,0.1624849159852601,2
ridge_F0_log_a100,ridge,1,17236,5.000068098433752,0.1653300829930231,2
ridge_F0_log_a1000,ridge,1,17236,5.053474675590374,0.16679845796898,2
ridge_F0_log_a10000,ridge,1,17236,5.254443391593113,0.1683698339620605,2
ridge_F1_time_raw_a100,ridge,1,17236,4.929281759030776,0.6243532499647699,2
ridge_F1_time_raw_a1000,ridge,1,17236,4.967977890784148,0.6137858330039307,2
ridge_F1_time_raw_a10000,ridge,1,17236,5.076592707006581,0.6524595000082627,2
ridge_F1_time_log_a100,ridge,1,17236,4.9215281160661,0.6382655840134248,2
ridge_F1_time_log_a1000,ridge,1,17236,4.964052573223912,0.6608825420262292,2
ridge_F1_time_log_a10000,ridge,1,17236,5.087447229928888,0.6251338750007562,2
forest_F0_0,forest,1,17236,4.835023606638358,9.66728424996836,2
forest_F0_1,forest,1,17236,4.836906498158022,11.395760959014297,2
forest_F0_2,forest,1,17236,4.849394710749579,6.411862790992018,2
forest_F1_time_0,forest,1,17236,4.654305809520494,15.232580583018716,2
forest_F1_time_1,forest,1,17236,4.653312493279102,17.97100075002527,2
forest_F1_time_2,forest,1,17236,4.673754778136283,11.279562459036242,2
ridge_F0_raw_a100,ridge,2,17236,5.014517247490819,0.1948704580427147,2
ridge_F0_raw_a1000,ridge,2,17236,5.0355255981402385,0.179083916998934,2
ridge_F0_raw_a10000,ridge,2,17236,5.23157419737604,0.1797499579843133,2
ridge_F0_log_a100,ridge,2,17236,5.007357242767134,0.1734293749905191,2
ridge_F0_log_a1000,ridge,2,17236,5.060614453922455,0.1764728749985806,2
ridge_F0_log_a10000,ridge,2,17236,5.258301497871138,0.2393759579863399,2
ridge_F1_time_raw_a100,ridge,2,17236,4.925349440879817,0.7556160410167649,2
ridge_F1_time_raw_a1000,ridge,2,17236,4.955363712467358,0.7605328749632463,2
ridge_F1_time_raw_a10000,ridge,2,17236,5.065343415911766,0.7570323750260286,2
ridge_F1_time_log_a100,ridge,2,17236,4.923551589791478,0.7389177499571815,2
ridge_F1_time_log_a1000,ridge,2,17236,4.962943862773624,0.7422030420275405,2
ridge_F1_time_log_a10000,ridge,2,17236,5.082449418927552,0.7295155839528888,2
forest_F0_0,forest,2,17236,4.84724569491617,10.61745991697535,2
forest_F0_1,forest,2,17236,4.86797969733458,12.465554750000592,2
forest_F0_2,forest,2,17236,4.8659431357957805,7.811765666992869,2
forest_F1_time_0,forest,2,17236,4.647438659948988,16.70407554198755,2
forest_F1_time_1,forest,2,17236,4.655819187350205,19.37154949997785,2
forest_F1_time_2,forest,2,17236,4.6604984035327455,11.265028666995931,2
ridge_F0_raw_a100,ridge,3,17235,4.963778234152018,0.1955444580526091,2
ridge_F0_raw_a1000,ridge,3,17235,4.974510234522092,0.1903170000296086,2
ridge_F0_raw_a10000,ridge,3,17235,5.147564522541274,0.183392749982886,2
ridge_F0_log_a100,ridge,3,17235,4.957164010883473,0.1887759160017594,2
ridge_F0_log_a1000,ridge,3,17235,4.99372659458852,0.1944179160054773,2
ridge_F0_log_a10000,ridge,3,17235,5.16445465812149,0.1818700419971719,2
ridge_F1_time_raw_a100,ridge,3,17235,4.883085337586575,0.7331400840193965,2
ridge_F1_time_raw_a1000,ridge,3,17235,4.91323484289123,0.7072063749656081,2
ridge_F1_time_raw_a10000,ridge,3,17235,5.001000414245373,0.7272583749727346,2
ridge_F1_time_log_a100,ridge,3,17235,4.885432458817279,0.7238264579791576,2
ridge_F1_time_log_a1000,ridge,3,17235,4.917913652580746,0.7188001670292579,2
ridge_F1_time_log_a10000,ridge,3,17235,5.012212630380171,0.7271683750441298,2
forest_F0_0,forest,3,17235,4.804855409218491,10.991600041044876,2
forest_F0_1,forest,3,17235,4.815320716300187,12.864522000018042,2
forest_F0_2,forest,3,17235,4.804938286599691,9.504238666966558,2
forest_F1_time_0,forest,3,17235,4.631265503458199,18.044779249990825,2
forest_F1_time_1,forest,3,17235,4.643516298187897,19.73580741602927,2
forest_F1_time_2,forest,3,17235,4.641756209152296,12.08584770798916,2
ridge_F0_raw_a100,ridge,1,17236,5.01950480215543,0.2027016670326702,3
ridge_F0_raw_a1000,ridge,1,17236,5.039942378065867,0.1977354579721577,3
ridge_F0_raw_a10000,ridge,1,17236,5.23399992062445,0.1932155840331688,3
ridge_F0_log_a100,ridge,1,17236,5.020351680792999,0.1987023330293595,3
ridge_F0_log_a1000,ridge,1,17236,5.070977273098675,0.1868041660054586,3
ridge_F0_log_a10000,ridge,1,17236,5.261157686601964,0.1770315000321716,3
ridge_F1_time_raw_a100,ridge,1,17236,4.93575983342626,0.7271202080301009,3
ridge_F1_time_raw_a1000,ridge,1,17236,4.971031726742963,0.7482380410074256,3
ridge_F1_time_raw_a10000,ridge,1,17236,5.077238673378949,0.7995549580082297,3
ridge_F1_time_log_a100,ridge,1,17236,4.943937019621768,0.7352225840440951,3
ridge_F1_time_log_a1000,ridge,1,17236,4.986251872851549,0.7616175829898566,3
ridge_F1_time_log_a10000,ridge,1,17236,5.098964134844475,0.7445825419854373,3
forest_F0_0,forest,1,17236,4.870914961899755,12.062097165966406,3
forest_F0_1,forest,1,17236,4.857855906558885,14.256482166994829,3
forest_F0_2,forest,1,17236,4.866959383321069,7.557893958000932,3
forest_F1_time_0,forest,1,17236,4.662792635607165,18.370898792054504,3
forest_F1_time_1,forest,1,17236,4.668953930932946,20.876024917000905,3
forest_F1_time_2,forest,1,17236,4.671438902975652,12.076066375011578,3
ridge_F0_raw_a100,ridge,2,17236,5.008141616115688,0.1892222909955307,3
ridge_F0_raw_a1000,ridge,2,17236,5.021556431390638,0.1832159999758005,3
ridge_F0_raw_a10000,ridge,2,17236,5.201277471285015,0.1927787919994443,3
ridge_F0_log_a100,ridge,2,17236,4.988361418575229,0.1984284999780357,3
ridge_F0_log_a1000,ridge,2,17236,5.031457508724064,0.1936297910287976,3
ridge_F0_log_a10000,ridge,2,17236,5.212621757958974,0.1980242920108139,3
ridge_F1_time_raw_a100,ridge,2,17236,4.930523410739077,0.8077220839913934,3
ridge_F1_time_raw_a1000,ridge,2,17236,4.956613522198845,0.7847493329900317,3
ridge_F1_time_raw_a10000,ridge,2,17236,5.051817272300338,0.8029543330194429,3
ridge_F1_time_log_a100,ridge,2,17236,4.922787447322173,0.7945113750174642,3
ridge_F1_time_log_a1000,ridge,2,17236,4.951143389114468,0.7596238330006599,3
ridge_F1_time_log_a10000,ridge,2,17236,5.058447194870952,0.7676978340023197,3
forest_F0_0,forest,2,17236,4.816915375329543,11.7029562080279,3
forest_F0_1,forest,2,17236,4.825412493229948,13.070589707989711,3
forest_F0_2,forest,2,17236,4.82165108213514,7.600304874998983,3
forest_F1_time_0,forest,2,17236,4.628658500234173,18.607983040972613,3
forest_F1_time_1,forest,2,17236,4.637951064612337,20.9877266670228,3
forest_F1_time_2,forest,2,17236,4.637872097148079,11.797496166953351,3
ridge_F0_raw_a100,ridge,3,17235,4.983611734828035,0.2063940829830244,3
ridge_F0_raw_a1000,ridge,3,17235,5.0000586933259346,0.1951734999893233,3
ridge_F0_raw_a10000,ridge,3,17235,5.19179953359744,0.1996826249524019,3
ridge_F0_log_a100,ridge,3,17235,4.97681764271057,0.1926215409766882,3
ridge_F0_log_a1000,ridge,3,17235,5.025330939403447,0.1891065000090748,3
ridge_F0_log_a10000,ridge,3,17235,5.216770189171709,0.2112082499661483,3
ridge_F1_time_raw_a100,ridge,3,17235,4.897493891159025,0.8137705409899354,3
ridge_F1_time_raw_a1000,ridge,3,17235,4.936303825241108,0.8950062500080094,3
ridge_F1_time_raw_a10000,ridge,3,17235,5.037663505369186,0.7860507919685915,3
ridge_F1_time_log_a100,ridge,3,17235,4.8974246919612545,0.7724883749615401,3
ridge_F1_time_log_a1000,ridge,3,17235,4.941211268825595,0.7732954169623554,3
ridge_F1_time_log_a10000,ridge,3,17235,5.053285269575621,0.7514052499900572,3
forest_F0_0,forest,3,17235,4.822384459486452,11.406572250009049,3
forest_F0_1,forest,3,17235,4.820373051431842,13.262788416992407,3
forest_F0_2,forest,3,17235,4.837295552972421,7.581304624967743,3
forest_F1_time_0,forest,3,17235,4.6044943787421655,18.89241608296288,3
forest_F1_time_1,forest,3,17235,4.609422485836417,20.375847792020068,3
forest_F1_time_2,forest,3,17235,4.627261264757045,12.168215750018136,3
ridge_F0_raw_a100,ridge,1,17236,5.020392564118171,0.2068517919979058,4
ridge_F0_raw_a1000,ridge,1,17236,5.032476637367019,0.1952956669847481,4
ridge_F0_raw_a10000,ridge,1,17236,5.217338770983598,0.2003457919927314,4
ridge_F0_log_a100,ridge,1,17236,5.008983709674419,0.2034680410288274,4
ridge_F0_log_a1000,ridge,1,17236,5.052026331826763,0.1946714170044288,4
ridge_F0_log_a10000,ridge,1,17236,5.244439731188519,0.2433540410129353,4
ridge_F1_time_raw_a100,ridge,1,17236,4.935079114716786,0.7988050419953652,4
ridge_F1_time_raw_a1000,ridge,1,17236,4.962001162470846,0.8113009170047008,4
ridge_F1_time_raw_a10000,ridge,1,17236,5.0614671241521085,0.8073731670156121,4
ridge_F1_time_log_a100,ridge,1,17236,4.932862076863531,0.7934195830021054,4
ridge_F1_time_log_a1000,ridge,1,17236,4.9654219044458,0.7946195830008946,4
ridge_F1_time_log_a10000,ridge,1,17236,5.078004002662776,0.8102797920000739,4
forest_F0_0,forest,1,17236,4.836061786788733,12.008262958028354,4
forest_F0_1,forest,1,17236,4.837336106961812,13.2810335829854,4
forest_F0_2,forest,1,17236,4.839633500950418,7.434982958016917,4
forest_F1_time_0,forest,1,17236,4.658808108366574,18.682721124961972,4
forest_F1_time_1,forest,1,17236,4.6647506096256315,21.34942174999742,4
forest_F1_time_2,forest,1,17236,4.663487144049404,12.878047792008148,4
ridge_F0_raw_a100,ridge,2,17236,5.041779310678178,0.2145273750065826,4
ridge_F0_raw_a1000,ridge,2,17236,5.0533815425658295,0.204139249981381,4
ridge_F0_raw_a10000,ridge,2,17236,5.230576784440265,0.2141527910134755,4
ridge_F0_log_a100,ridge,2,17236,5.038755222841239,0.2306706669623963,4
ridge_F0_log_a1000,ridge,2,17236,5.079988018614783,0.2126282500103116,4
ridge_F0_log_a10000,ridge,2,17236,5.2496124906685635,0.2124726249603554,4
ridge_F1_time_raw_a100,ridge,2,17236,4.9560087237852475,0.8137842079740949,4
ridge_F1_time_raw_a1000,ridge,2,17236,4.98783509573189,0.7955182089935988,4
ridge_F1_time_raw_a10000,ridge,2,17236,5.085532386937288,0.8196861250326037,4
ridge_F1_time_log_a100,ridge,2,17236,4.958247698479838,0.8365950000006706,4
ridge_F1_time_log_a1000,ridge,2,17236,4.99677544209305,0.8133012090111151,4
ridge_F1_time_log_a10000,ridge,2,17236,5.100089476697645,0.8202378749847412,4
forest_F0_0,forest,2,17236,4.873595033759085,11.911176041990984,4
forest_F0_1,forest,2,17236,4.876408169159282,14.00917783298064,4
forest_F0_2,forest,2,17236,4.882051491983556,7.961178625002503,4
forest_F1_time_0,forest,2,17236,4.6596388611745985,18.54181412496837,4
forest_F1_time_1,forest,2,17236,4.661737312698127,21.127341165964022,4
forest_F1_time_2,forest,2,17236,4.6809363274904285,12.514550791995134,4
ridge_F0_raw_a100,ridge,3,17235,5.037171858033396,0.2203662079991772,4
ridge_F0_raw_a1000,ridge,3,17235,5.053963603819848,0.2094252920360304,4
ridge_F0_raw_a10000,ridge,3,17235,5.245889160068272,0.2131194159737788,4
ridge_F0_log_a100,ridge,3,17235,5.022690847764224,0.201767667022068,4
ridge_F0_log_a1000,ridge,3,17235,5.069336414098407,0.2131663330364972,4
ridge_F0_log_a10000,ridge,3,17235,5.262779395806133,0.2067988329799845,4
ridge_F1_time_raw_a100,ridge,3,17235,4.936777832713572,0.7946104169823229,4
ridge_F1_time_raw_a1000,ridge,3,17235,4.978258822065346,0.7838502500089817,4
ridge_F1_time_raw_a10000,ridge,3,17235,5.092973751637146,0.8413550410186872,4
ridge_F1_time_log_a100,ridge,3,17235,4.935108489270846,0.8648334169993177,4
ridge_F1_time_log_a1000,ridge,3,17235,4.9757831002422925,0.8334280420094728,4
ridge_F1_time_log_a10000,ridge,3,17235,5.100272154354452,0.8374492499860935,4
forest_F0_0,forest,3,17235,4.856751962442466,11.954742792004254,4
forest_F0_1,forest,3,17235,4.874154508347774,13.47927108296426,4
forest_F0_2,forest,3,17235,4.876122168716354,7.721347791957669,4
forest_F1_time_0,forest,3,17235,4.661012102098955,18.278091207961552,4
forest_F1_time_1,forest,3,17235,4.670765142794919,22.294932582997717,4
forest_F1_time_2,forest,3,17235,4.684706902757584,12.521228208031973,4
ridge_F0_raw_a100,ridge,1,17236,4.976552045236636,0.1837271670228801,5
ridge_F0_raw_a1000,ridge,1,17236,4.98237477832018,0.1768287090235389,5
ridge_F0_raw_a10000,ridge,1,17236,5.175891123450812,0.1711682500317692,5
ridge_F0_log_a100,ridge,1,17236,4.963832485140185,0.1780241670203395,5
ridge_F0_log_a1000,ridge,1,17236,4.998085197471859,0.1806039169896394,5
ridge_F0_log_a10000,ridge,1,17236,5.188334714664782,0.18596387503203,5
ridge_F1_time_raw_a100,ridge,1,17236,4.892421394976804,0.678574999968987,5
ridge_F1_time_raw_a1000,ridge,1,17236,4.916982557350535,0.6779718750040047,5
ridge_F1_time_raw_a10000,ridge,1,17236,5.02031070178682,0.682088749948889,5
ridge_F1_time_log_a100,ridge,1,17236,4.892143983367621,0.7054850420099683,5
ridge_F1_time_log_a1000,ridge,1,17236,4.922246172169375,0.6747962500085123,5
ridge_F1_time_log_a10000,ridge,1,17236,5.029404443805513,0.7036951660411432,5
forest_F0_0,forest,1,17236,4.807950471329247,10.995039291970896,5
forest_F0_1,forest,1,17236,4.816011190663318,13.3795896670199,5
forest_F0_2,forest,1,17236,4.820274753414972,6.957574750005733,5
forest_F1_time_0,forest,1,17236,4.607621940572835,16.236820582998917,5
forest_F1_time_1,forest,1,17236,4.617880653006491,17.98731866700109,5
forest_F1_time_2,forest,1,17236,4.617082119889917,10.384113665961197,5
ridge_F0_raw_a100,ridge,2,17236,5.000409561369037,0.1722055830177851,5
ridge_F0_raw_a1000,ridge,2,17236,5.026136958993895,0.1704564579995349,5
ridge_F0_raw_a10000,ridge,2,17236,5.212434348170708,0.1680388750392012,5
ridge_F0_log_a100,ridge,2,17236,4.990660206838474,0.1713138750055804,5
ridge_F0_log_a1000,ridge,2,17236,5.044865763908217,0.1733497499953955,5
ridge_F0_log_a10000,ridge,2,17236,5.233155146957068,0.1727465000003576,5
ridge_F1_time_raw_a100,ridge,2,17236,4.918335193916222,0.6521021660300903,5
ridge_F1_time_raw_a1000,ridge,2,17236,4.95488713526105,0.6486864589969628,5
ridge_F1_time_raw_a10000,ridge,2,17236,5.054620633510395,0.646563874965068,5
ridge_F1_time_log_a100,ridge,2,17236,4.918618848893866,0.6382755830418319,5
ridge_F1_time_log_a1000,ridge,2,17236,4.957584562031103,0.6348971250117756,5
ridge_F1_time_log_a10000,ridge,2,17236,5.066680567206527,0.7412942500086501,5
forest_F0_0,forest,2,17236,4.8341987111310605,9.776697624998633,5
forest_F0_1,forest,2,17236,4.839511607356124,11.012231583998071,5
forest_F0_2,forest,2,17236,4.845110266962656,6.146186333033256,5
forest_F1_time_0,forest,2,17236,4.645859436057787,15.353578166977968,5
forest_F1_time_1,forest,2,17236,4.638071618026176,17.427649667020887,5
forest_F1_time_2,forest,2,17236,4.655574805233636,10.43452516704565,5
ridge_F0_raw_a100,ridge,3,17236,5.099053194372564,0.1792348330491222,5
ridge_F0_raw_a1000,ridge,3,17236,5.1146480949373405,0.177542874997016,5
ridge_F0_raw_a10000,ridge,3,17236,5.297528727800611,0.1600232089986093,5
ridge_F0_log_a100,ridge,3,17236,5.090053375560748,0.1654720419901423,5
ridge_F0_log_a1000,ridge,3,17236,5.140146293188327,0.1761097499984316,5
ridge_F0_log_a10000,ridge,3,17236,5.323082956574651,0.1690671669784933,5
ridge_F1_time_raw_a100,ridge,3,17236,5.0051393935360045,0.673600333975628,5
ridge_F1_time_raw_a1000,ridge,3,17236,5.040327804979858,0.6711635409737937,5
ridge_F1_time_raw_a10000,ridge,3,17236,5.146575249414089,0.6431737910024822,5
ridge_F1_time_log_a100,ridge,3,17236,5.004709223956185,0.6458044580067508,5
ridge_F1_time_log_a1000,ridge,3,17236,5.043841431671861,0.6531471670023166,5
ridge_F1_time_log_a10000,ridge,3,17236,5.161474805038629,0.6535220830119215,5
forest_F0_0,forest,3,17236,4.926282828668951,10.0620404999936,5
forest_F0_1,forest,3,17236,4.933811819382267,11.42010729201138,5
forest_F0_2,forest,3,17236,4.928584589551885,6.466369499976281,5
forest_F1_time_0,forest,3,17236,4.6984373060207,13.54529412498232,5
forest_F1_time_1,forest,3,17236,4.704137543061382,13.368151124974249,5
forest_F1_time_2,forest,3,17236,4.719163017327615,7.720502459036652,5
