model,label,outer_fold,n,MAE_days,RMSE_days,R2,bias_days,P90_abs_error_days,tail_n,tail_MAE_days,within_3_days_pct,tail_bias_days
ridge_fixed,Fixed Ridge,1,12927,5.027142462780538,8.298592111932479,0.2791264686333231,-0.0059670651844561,9.733353152367284,37,77.13441667570333,41.98963409917227,-77.13441667570333
forest_fixed,Fixed random forest,1,12927,4.818603352816813,8.089394246034932,0.315013132379881,0.084720455390251,9.875021112965335,37,75.53318324400666,45.73373559217143,-75.53318324400666
hgb,Published HGB,1,12927,4.244215355380646,7.897231220289063,0.3471702319730544,-1.374696403245589,9.328283055137229,37,76.53137921568019,56.89641834919161,-76.53137921568019
ridge_tuned,Tuned Ridge,1,12927,4.917244368871633,8.150161339689058,0.304683310153034,0.0078832810977312,9.682406862280343,37,76.10829516670509,43.52131198267193,-76.10829516670509
forest_tuned,Tuned random forest,1,12927,4.62335241489478,7.917522267794887,0.3438111768078808,0.0732652832904392,9.802962455169592,37,74.35566195383346,48.65011216832985,-74.35566195383346
mean_two_fixed,Fixed Ridge + forest: mean,1,12927,4.841698980140659,8.112560765198022,0.3110841647709171,0.0393766951028974,9.614503102060873,37,76.333799959855,44.58884505298987,-76.333799959855
stack_two_fixed,Fixed Ridge + forest: MAE stack,1,12927,4.8077334059124865,8.07876449811865,0.316812143185019,0.069911266128291,9.772931252011524,37,75.79466320059055,45.46298445114875,-75.79466320059055
mean_three_fixed,Fixed Ridge + forest + HGB: mean,1,12927,4.539503540076929,7.9415345093199505,0.3398249656652269,-0.4319810043465987,9.18962938806239,37,76.39965971179673,49.09878548773884,-76.39965971179673
stack_three_fixed,Fixed Ridge + forest + HGB: MAE stack,1,12927,4.244215355380646,7.897231220289063,0.3471702319730544,-1.374696403245589,9.328283055137229,37,76.53137921568019,56.89641834919161,-76.53137921568019
mean_two_tuned,Tuned Ridge + forest: mean,1,12927,4.669938360906713,7.9310116923266865,0.3415733176029051,0.0405742821940852,9.460483578395875,37,75.23197856026925,46.87089038446662,-75.23197856026925
stack_two_tuned,Tuned Ridge + forest: MAE stack,1,12927,4.6138990235853035,7.900130188004894,0.3466908538897024,0.0640301657332039,9.652124841718758,37,74.60321897583894,48.44124700239808,-74.60321897583894
mean_three_tuned,Tuned Ridge + forest + HGB: mean,1,12927,4.44653224010478,7.845382968914156,0.3557142313500566,-0.4311826129524734,9.280015915608011,37,75.66511211207289,50.90895025914752,-75.66511211207289
stack_three_tuned,Tuned Ridge + forest + HGB: MAE stack,1,12927,4.24400864400783,7.894969781182834,0.3475440651167127,-1.3655438837951095,9.3230637406171,37,76.51762657654413,56.88094685541889,-76.51762657654413
ridge_fixed,Fixed Ridge,2,12927,5.076048534697002,8.191834022612289,0.2720518017845748,-0.0712550503897177,9.837082491156206,44,68.43709517696742,41.77303318635414,-68.43709517696742
forest_fixed,Fixed random forest,2,12927,4.852949943174423,7.969310959313275,0.3110626454802103,-0.0069028896380579,9.997771808820978,44,66.7429249838353,45.22317629767154,-66.7429249838353
hgb,Published HGB,2,12927,4.260297586611781,7.775686610514023,0.3441331449985202,-1.4491251187741578,9.281184403573109,44,68.53078420268359,56.37038756091901,-68.53078420268359
ridge_tuned,Tuned Ridge,2,12927,4.969767359081567,8.067910106821877,0.2939096306703258,-0.0730159505947989,9.745985904847965,44,67.91791152348638,43.088110157035665,-67.91791152348638
forest_tuned,Tuned random forest,2,12927,4.620755750195706,7.784972638306797,0.3425656861117852,-0.036945502009338,9.584149782098253,44,66.53847352164307,48.08540264562544,-66.53847352164307
mean_two_fixed,Fixed Ridge + forest: mean,2,12927,4.888020819559673,7.999984757620528,0.3057490130666151,-0.0390789700138878,9.718918980082282,44,67.59001008040136,44.310358165080835,-67.59001008040136
stack_two_fixed,Fixed Ridge + forest: MAE stack,2,12927,4.848396867572197,7.961407262186487,0.3124284980757403,-0.0182529046128956,9.84783480935962,44,67.0417316880294,45.05298986617158,-67.0417316880294
mean_three_fixed,Fixed Ridge + forest + HGB: mean,2,12927,4.585699840422595,7.831837282948366,0.3346265026233838,-0.5090943529339784,9.301450475625575,44,67.90360145449542,48.5804904463526,-67.90360145449542
stack_three_fixed,Fixed Ridge + forest + HGB: MAE stack,2,12927,4.260297586611781,7.775686610514023,0.3441331449985202,-1.4491251187741578,9.281184403573109,44,68.53078420268359,56.37038756091901,-68.53078420268359
mean_two_tuned,Tuned Ridge + forest: mean,2,12927,4.702603302104885,7.824281372248823,0.3359097462246201,-0.0549807263020685,9.406802944786552,44,67.22819252256473,46.22882339289858,-67.22819252256473
stack_two_tuned,Tuned Ridge + forest: MAE stack,2,12927,4.624509971689074,7.774874895654283,0.3442700715777655,-0.0430441634639854,9.503707051753542,44,66.77170392771872,47.605786338670995,-66.77170392771872
mean_three_tuned,Tuned Ridge + forest + HGB: mean,2,12927,4.4834512193924,7.73819031149653,0.3504434003277272,-0.5196955237927655,9.230982894170754,44,67.662389749271,50.26688326757949,-67.662389749271
stack_three_tuned,Tuned Ridge + forest + HGB: MAE stack,2,12927,4.260220161843868,7.769903449424081,0.3451083831611582,-1.42528531786647,9.273447141982857,44,68.49715088195127,56.27755859828266,-68.49715088195127
ridge_fixed,Fixed Ridge,3,12927,5.071009655588633,8.343142254190514,0.2686919630790051,-0.0055629129931147,9.759984553856444,40,74.73539489437147,41.74982594569506,-74.73539489437147
forest_fixed,Fixed random forest,3,12927,4.8555165233084105,8.132654332907178,0.3051266170905748,0.0636662534447426,9.943656575441038,40,73.12380273575101,46.2056161522395,-73.12380273575101
hgb,Published HGB,3,12927,4.2750657259452725,7.9002780831384944,0.3442688637652826,-1.352051610175366,9.385344621507471,40,73.89067762137131,56.40133054846446,-73.89067762137131
ridge_tuned,Tuned Ridge,3,12927,4.946670007460843,8.198192714445494,0.2938819792444948,-0.0169081475269265,9.70328098173888,40,73.95833227117569,43.44395451380831,-73.95833227117569
forest_tuned,Tuned random forest,3,12927,4.646899042911473,7.921194038035638,0.3407921764256293,0.0798494103220776,9.729503912578227,40,71.17486304803532,49.06010675330703,-71.17486304803532
mean_two_fixed,Fixed Ridge + forest: mean,3,12927,4.883927789948969,8.155628892712597,0.3011950692877326,0.0290516702258139,9.537010268070697,40,73.92959881506124,44.28715092442175,-73.92959881506124
stack_two_fixed,Fixed Ridge + forest: MAE stack,3,12927,4.846313616700558,8.12169295253859,0.3069984877285667,0.0517224315699255,9.79322680338806,40,73.40184406815234,45.695056857739615,-73.40184406815234
mean_three_fixed,Fixed Ridge + forest + HGB: mean,3,12927,4.5836210579819925,7.974665513724595,0.3318622632600774,-0.4313160899079133,9.192621471197574,40,73.91662508383126,49.33859364121606,-73.91662508383126
stack_three_fixed,Fixed Ridge + forest + HGB: MAE stack,3,12927,4.2750657259452725,7.9002780831384944,0.3442688637652826,-1.352051610175366,9.385344621507471,40,73.89067762137131,56.40133054846446,-73.89067762137131
mean_two_tuned,Tuned Ridge + forest: mean,3,12927,4.696568021370943,7.952847579963129,0.3355131859684038,0.0314706313975755,9.418493400896471,40,72.5665976596055,46.97145509398932,-72.5665976596055
stack_two_tuned,Tuned Ridge + forest: MAE stack,3,12927,4.638665109940992,7.908645129129838,0.3428791815636468,0.0677707888683827,9.637119643038709,40,71.52233431355432,48.6810551558753,-71.52233431355432
mean_three_tuned,Tuned Ridge + forest + HGB: mean,3,12927,4.47747131863374,7.86212465345538,0.3505871173503918,-0.4297034491267388,9.159804959421352,40,73.00795764686077,50.97857198112477,-73.00795764686077
stack_three_tuned,Tuned Ridge + forest + HGB: MAE stack,3,12927,4.274849416733743,7.892308648671782,0.3455911388769692,-1.3191270330157752,9.357150167400745,40,73.82823123353377,56.32397307960083,-73.82823123353377
ridge_fixed,Fixed Ridge,4,12927,5.008839112187195,8.01074127321133,0.2888175569937311,0.1198386576698244,9.677561785879046,34,72.08706416675032,42.005105592945,-72.08706416675032
forest_fixed,Fixed random forest,4,12927,4.747774930453337,7.74647805477167,0.3349654541359439,0.1439312282529302,9.70990276246219,34,70.07355161501727,46.019958226966814,-70.07355161501727
hgb,Published HGB,4,12927,4.179003985879646,7.562275381875092,0.3662169904596565,-1.2968233570014565,9.075299690168398,34,71.90784564468478,56.50189525798716,-71.90784564468478
ridge_tuned,Tuned Ridge,4,12927,4.893949500059529,7.871872473392164,0.3132609940057369,0.1138150505476765,9.52653262640897,34,71.49026593584136,43.37433279183105,-71.49026593584136
forest_tuned,Tuned random forest,4,12927,4.54120124616384,7.5402224501880655,0.3699080472747437,0.1450455284579153,9.5532320931301,34,69.42807236765077,48.88218457492071,-69.42807236765077
mean_two_fixed,Fixed Ridge + forest: mean,4,12927,4.801086501143396,7.794432056925563,0.3267062742936579,0.1318849429613773,9.483501236913272,34,71.08030789088377,44.18658621489905,-71.08030789088377
stack_two_fixed,Fixed Ridge + forest: MAE stack,4,12927,4.7465833414301795,7.743269753855221,0.3355162048365572,0.1399587036592507,9.593522784827847,34,70.4055513949432,45.6563781233078,-70.4055513949432
mean_three_fixed,Fixed Ridge + forest + HGB: mean,4,12927,4.494834904456347,7.618956097016392,0.3566807336202898,-0.3443511570262345,9.059454174195798,34,71.35615380881745,48.9440705500116,-71.35615380881745
stack_three_fixed,Fixed Ridge + forest + HGB: MAE stack,4,12927,4.179003985879646,7.562275381875092,0.3662169904596565,-1.2968233570014565,9.075299690168398,34,71.90784564468478,56.50189525798716,-71.90784564468478
mean_two_tuned,Tuned Ridge + forest: mean,4,12927,4.6226807313337,7.600864084180551,0.3597323646659542,0.1294302895027959,9.271983523934786,34,70.45916915174607,46.87862613135298,-70.45916915174607
stack_two_tuned,Tuned Ridge + forest: MAE stack,4,12927,4.542541586057484,7.535376020680283,0.370717762075775,0.1406754065540899,9.442187700831656,34,69.71663782951079,48.20917459580723,-69.71663782951079
mean_three_tuned,Tuned Ridge + forest + HGB: mean,4,12927,4.396239282018712,7.513418202414768,0.3743798309327184,-0.3459875926652888,8.973440349425113,34,70.94206131605895,50.73876382764756,-70.94206131605895
stack_three_tuned,Tuned Ridge + forest + HGB: MAE stack,4,12927,4.178572228218297,7.554701808656704,0.3674858145102252,-1.2693187512485435,9.066977523934712,34,71.86054232395345,56.41680204223718,-71.86054232395345
ridge_fixed,Fixed Ridge,5,12926,4.992999998752962,7.992072770755234,0.289548556163191,-0.0338692346431942,9.59938581597802,52,62.431267077528574,42.650471917066376,-62.431267077528574
forest_fixed,Fixed random forest,5,12926,4.756133121861638,7.7742569508847135,0.3277461112449275,-0.0660973607391912,9.818299819445803,52,60.53888937680878,47.07566145752746,-60.53888937680878
hgb,Published HGB,5,12926,4.230494222232314,7.589729630418346,0.3592801891681987,-1.4562453112528575,9.114217316618486,52,61.81037468880755,55.887358811697354,-61.81037468880755
ridge_tuned,Tuned Ridge,5,12926,4.881940912475297,7.856218878950627,0.313496602005526,-0.0306531068592498,9.599266939662517,52,61.476813777751055,44.25963174996132,-61.476813777751055
forest_tuned,Tuned random forest,5,12926,4.568910084468748,7.542223923373361,0.3672758861634339,-0.0110208992475792,9.572779371127208,52,58.81590650107993,49.234101810304814,-58.81590650107993
mean_two_fixed,Fixed Ridge + forest: mean,5,12926,4.790770496412219,7.799341120821922,0.3234009665987036,-0.0499832976911927,9.49953918205314,52,61.48507822716868,45.52065604208572,-61.48507822716868
stack_two_fixed,Fixed Ridge + forest: MAE stack,5,12926,4.749287787221313,7.763641375077781,0.3295807534211185,-0.0605536148968648,9.63653478981535,52,60.86440817921224,46.828098406312854,-60.86440817921224
mean_three_fixed,Fixed Ridge + forest + HGB: mean,5,12926,4.5067331032800535,7.6315659915591985,0.3521971267996456,-0.5187373022117483,9.157543338195543,52,61.593510381048304,50.193408633761415,-61.593510381048304
stack_three_fixed,Fixed Ridge + forest + HGB: MAE stack,5,12926,4.230494222232314,7.589729630418346,0.3592801891681987,-1.4562453112528575,9.114217316618486,52,61.81037468880755,55.887358811697354,-61.81037468880755
mean_two_tuned,Tuned Ridge + forest: mean,5,12926,4.624071631470842,7.590807353764578,0.3590982149060969,-0.0208370030534145,9.33667190547827,52,60.146360139415506,47.245861055237505,-60.146360139415506
stack_two_tuned,Tuned Ridge + forest: MAE stack,5,12926,4.562356371716559,7.53338322639364,0.3687583252553781,-0.0138150693553466,9.408824852229976,52,59.194622319447525,48.708030326473775,-59.194622319447525
mean_three_tuned,Tuned Ridge + forest + HGB: mean,5,12926,4.4166730593253,7.515006850891912,0.3718341772837441,-0.4993064391198961,9.15258581667425,52,60.70103165587953,51.230078910722575,-60.70103165587953
stack_three_tuned,Tuned Ridge + forest + HGB: MAE stack,5,12926,4.229331338684592,7.579470745074742,0.3610111147880498,-1.4209133922259152,9.114736255324898,52,61.73716785209855,55.902831502398264,-61.73716785209855
