field,source,formula,availability,block,preprocessing
purchase_trend_years,current order purchase timestamp,days since fixed 2016-01-01 / 365.25,known at purchase,time_route,training-fold median and scaling; categorical rare-group encoding where applicable
dayofyear_sin,current order purchase timestamp,sin(2*pi*(day_of_year - 1)/365.25),known at purchase,time_route,training-fold median and scaling; categorical rare-group encoding where applicable
dayofyear_cos,current order purchase timestamp,cos(2*pi*(day_of_year - 1)/365.25),known at purchase,time_route,training-fold median and scaling; categorical rare-group encoding where applicable
weekday_sin,current order purchase timestamp,sin(2*pi*weekday_index/7),known at purchase,time_route,training-fold median and scaling; categorical rare-group encoding where applicable
weekday_cos,current order purchase timestamp,cos(2*pi*weekday_index/7),known at purchase,time_route,training-fold median and scaling; categorical rare-group encoding where applicable
hour_sin,current order purchase timestamp,sin(2*pi*hour_index/24),known at purchase,time_route,training-fold median and scaling; categorical rare-group encoding where applicable
hour_cos,current order purchase timestamp,cos(2*pi*hour_index/24),known at purchase,time_route,training-fold median and scaling; categorical rare-group encoding where applicable
promise_log_distance,original allowed purchase-time quote and location fields,promised_lead_time_days * log1p(max_distance_km),same quote/address archive assumptions as original fields,time_route,training-fold median and scaling; categorical rare-group encoding where applicable
promise_cross_state,original allowed purchase-time quote and location fields,promised_lead_time_days * indicator(any seller cross-state),same quote/address archive assumptions as original fields,time_route,training-fold median and scaling; categorical rare-group encoding where applicable
log_distance_cross_state,original allowed purchase-time quote and location fields,log1p(max_distance_km) * indicator(any seller cross-state),same quote/address archive assumptions as original fields,time_route,training-fold median and scaling; categorical rare-group encoding where applicable
state_route,original allowed purchase-time quote and location fields,customer_state + route_group,same quote/address archive assumptions as original fields,time_route,training-fold median and scaling; categorical rare-group encoding where applicable
history_global_mean_days,prior eligible order purchase/receipt timestamps; customer state or route,90-day receipt-window mean,strict receipt-before-query; frozen-origin or marked event-time policy; current outcome excluded,history,training-fold median and scaling; categorical rare-group encoding where applicable
history_global_log_count,prior receipt events,log1p(count of receipts in previous 90 days in global group),strict receipt-before-query; source selection respects the declared policy,history,training-fold median and scaling; categorical rare-group encoding where applicable
history_state_mean_days,prior eligible order purchase/receipt timestamps; customer state or route,(group target sum + 20 * contemporaneous global mean) / (group count + 20),strict receipt-before-query; frozen-origin or marked event-time policy; current outcome excluded,history,training-fold median and scaling; categorical rare-group encoding where applicable
history_state_log_count,prior receipt events,log1p(count of receipts in previous 90 days in state group),strict receipt-before-query; source selection respects the declared policy,history,training-fold median and scaling; categorical rare-group encoding where applicable
history_route_mean_days,prior eligible order purchase/receipt timestamps; customer state or route,(group target sum + 20 * contemporaneous global mean) / (group count + 20),strict receipt-before-query; frozen-origin or marked event-time policy; current outcome excluded,history,training-fold median and scaling; categorical rare-group encoding where applicable
history_route_log_count,prior receipt events,log1p(count of receipts in previous 90 days in route group),strict receipt-before-query; source selection respects the declared policy,history,training-fold median and scaling; categorical rare-group encoding where applicable
history_no_completed_reference,prior receipt events,indicator(no eligible completion in prior 90 days),known absence of past observations; not absence of future outcomes,history,training-fold median and scaling; categorical rare-group encoding where applicable
history_unreceived_30d_fraction,"all course orders purchase and observed receipt events, no final-status filter",1 - prior observed receipt count / prior purchase count for purchases in preceding 30 days,"prior purchases only; receipt must precede query; cancellation time unavailable, not active backlog ground truth",history,training-fold median and scaling; categorical rare-group encoding where applicable
history_orders_30d_log_count,course order purchase events,log1p(purchases in preceding 30 days),strictly earlier purchase events only,history,training-fold median and scaling; categorical rare-group encoding where applicable
history_orders_7d_log_count,course order purchase events,log1p(purchases in preceding 7 days),strictly earlier purchase events only,history,training-fold median and scaling; categorical rare-group encoding where applicable
spline_basis(promised_lead_time_days),original numeric input after fold-only imputation and fixed log transforms except raw promise,cubic B-splines with 5 or 8 quantile knots; linear extrapolation; no bias basis,knots fitted only to training X; not to scoring X/y,spline_derived_basis,training-fold median and scaling; categorical rare-group encoding where applicable
spline_basis(max_distance_km),original numeric input after fold-only imputation and fixed log transforms except raw promise,cubic B-splines with 5 or 8 quantile knots; linear extrapolation; no bias basis,knots fitted only to training X; not to scoring X/y,spline_derived_basis,training-fold median and scaling; categorical rare-group encoding where applicable
spline_basis(total_price),original numeric input after fold-only imputation and fixed log transforms except raw promise,cubic B-splines with 5 or 8 quantile knots; linear extrapolation; no bias basis,knots fitted only to training X; not to scoring X/y,spline_derived_basis,training-fold median and scaling; categorical rare-group encoding where applicable
spline_basis(total_freight),original numeric input after fold-only imputation and fixed log transforms except raw promise,cubic B-splines with 5 or 8 quantile knots; linear extrapolation; no bias basis,knots fitted only to training X; not to scoring X/y,spline_derived_basis,training-fold median and scaling; categorical rare-group encoding where applicable
spline_basis(freight_ratio),original numeric input after fold-only imputation and fixed log transforms except raw promise,cubic B-splines with 5 or 8 quantile knots; linear extrapolation; no bias basis,knots fitted only to training X; not to scoring X/y,spline_derived_basis,training-fold median and scaling; categorical rare-group encoding where applicable
spline_basis(avg_product_weight_g),original numeric input after fold-only imputation and fixed log transforms except raw promise,cubic B-splines with 5 or 8 quantile knots; linear extrapolation; no bias basis,knots fitted only to training X; not to scoring X/y,spline_derived_basis,training-fold median and scaling; categorical rare-group encoding where applicable
