candidate,mean_MAE_reduction_days,improved_folds,min_reduction_days,max_reduction_days
control__time_risk,0.0,0,0.0,0.0
leaves15__time_risk,-0.05186064631374219,0,-0.06162528260425759,-0.04515576089258033
leaves63__time_risk,0.03506295299930784,5,0.028867805598037144,0.043786135040863705
leaf15__time_risk,-0.0011733876450735537,2,-0.005454424761380139,0.0034334111815361723
leaf60__time_risk,0.001976098427653561,4,-0.00029561021990076597,0.004679473209898255
l2zero__time_risk,-0.002517051637978085,1,-0.005398411374607726,0.0013114010891310812
rounds600__time_risk,0.03361217900846451,5,0.026581063644584013,0.03906293555217211
rate010__time_risk,0.031029376140972963,5,0.021599755395669717,0.038924462642203395
control__time,-0.009875306826567076,1,-0.03276218340096815,0.007512505874381681
leaves63__time,0.03297854851143267,5,0.019621479281983767,0.04346434562200141
