model,pack,fold,n,MAE_days,RMSE_days,R2,bias_days,P90_abs_error_days,tail_n,tail_MAE_days,within_3_days_pct,tail_bias_days,fit_MAE,columns,seconds,candidate,configuration,stage,reused_original_control
HGB_best,time_risk,1,12927,4.276170476553594,7.926836215184363,0.342266425106646,-1.420875156612972,9.428786943699754,37,76.73607991323152,56.3935948015781,-76.73607991323152,4.088280488446386,1025,0.0,control__time_risk,control,A,True
,time_risk,1,12927,4.321326237446175,7.974919182544935,0.3342628030528252,-1.4540629512571315,9.493130270466523,37,76.99800207949934,56.014543204146364,-76.99800207949934,4.239326354907881,1025,44.81780095794238,leaves15__time_risk,leaves15,A,False
,time_risk,1,12927,4.244215355380646,7.897231220289063,0.3471702319730544,-1.374696403245589,9.328283055137229,37,76.53137921568019,56.89641834919161,-76.53137921568019,3.8773975418760434,1025,63.2432179171592,leaves63__time_risk,leaves63,A,False
,time_risk,1,12927,4.277903183553079,7.930730397960015,0.3416200224721695,-1.4162938963368508,9.483312351321832,37,76.61092876624039,56.30076583894174,-76.61092876624039,4.0864285250314225,1025,51.77212441689335,leaf15__time_risk,leaf15,A,False
,time_risk,1,12927,4.271491003343696,7.92641261995287,0.3423367193209028,-1.4052262100940474,9.445488298390423,37,76.82669305610281,56.5328382455326,-76.82669305610281,4.091389870638671,1025,53.90655462490395,leaf60__time_risk,leaf60,A,False
,time_risk,1,12927,4.281193805306114,7.938239137250037,0.34037273662710266,-1.4187011177690363,9.430614695162317,37,76.77519844937721,56.455480776668985,-76.77519844937721,4.096294609412337,1025,50.31512358319014,l2zero__time_risk,l2zero,A,False
,time_risk,1,12927,4.24958941290901,7.897620617195829,0.3471058508874517,-1.393703994585038,9.370259060298986,37,76.56423184018608,56.71076042391893,-76.56423184018608,3.9108252868202666,1025,91.1807728339918,rounds600__time_risk,rounds600,A,False
,time_risk,1,12927,4.254570721157925,7.902000227992106,0.3463815276395874,-1.3847556305305857,9.42068906648522,37,76.55373471923225,56.72623191769165,-76.55373471923225,3.914355444983224,1025,45.38417337508872,rate010__time_risk,rate010,A,False
HGB_best,time_risk,2,12927,4.2981276140969715,7.814018691569783,0.3376507052302169,-1.4865769887522118,9.369823776238391,44,68.61701682351055,55.73605631623734,-68.61701682351055,4.087643659524458,1024,0.0,control__time_risk,control,A,True
,time_risk,2,12927,4.359752896701229,7.867045071177806,0.3286307229566381,-1.5265664409922093,9.395658457497003,44,68.73610673150424,54.67625899280576,-68.73610673150424,4.24237165160925,1024,45.585025624837726,leaves15__time_risk,leaves15,A,False
,time_risk,2,12927,4.260297586611781,7.775686610514023,0.3441331449985202,-1.4491251187741578,9.281184403573107,44,68.53078420268359,56.37038756091901,-68.53078420268359,3.8703611235204005,1024,65.33268483309075,leaves63__time_risk,leaves63,A,False
,time_risk,2,12927,4.2974728282900445,7.8135644905739525,0.33772770298969945,-1.4903989362064614,9.321362986256018,44,68.65367216306448,55.782470797555504,-68.65367216306448,4.086121907313456,1024,52.233656415948644,leaf15__time_risk,leaf15,A,False
,time_risk,2,12927,4.298423224316872,7.81301266953297,0.33782124362250865,-1.4903843064823703,9.337597218581458,44,68.60004164652955,55.65096310048735,-68.60004164652955,4.094847704931544,1024,54.30439008399844,leaf60__time_risk,leaf60,A,False
,time_risk,2,12927,4.298326154413544,7.812106940161011,0.3379747618647013,-1.487672497222274,9.328090893499613,44,68.59090461908535,55.581341378510096,-68.59090461908535,4.093344071925752,1024,51.68982549989596,l2zero__time_risk,l2zero,A,False
,time_risk,2,12927,4.259064678544799,7.780628198189503,0.3432992499114368,-1.4597700913657303,9.293171415369185,44,68.55980271438563,56.26208710450994,-68.55980271438563,3.9047758959159165,1024,92.63818599982187,rounds600__time_risk,rounds600,A,False
,time_risk,2,12927,4.261140897519093,7.777501602494285,0.34382692586400887,-1.4625668551080004,9.274837167273521,44,68.4699316391948,56.30850158582811,-68.4699316391948,3.9158231948462214,1024,46.603196083102375,rate010__time_risk,rate010,A,False
HGB_best,time_risk,3,12927,4.318851860986136,7.947916558558358,0.3363369369260146,-1.395414367469635,9.435250129637742,40,74.11798035962828,55.83662102576004,-74.11798035962828,4.088287540727695,1027,0.0,control__time_risk,control,A,True
,time_risk,3,12927,4.370838864975935,7.995847067380867,0.32830826086117937,-1.4162251902054956,9.597956506710455,40,74.18625720961754,55.210025527964724,-74.18625720961754,4.237418195431826,1027,45.30497512500733,leaves15__time_risk,leaves15,A,False
,time_risk,3,12927,4.2750657259452725,7.9002780831384944,0.34426886376528265,-1.352051610175366,9.385344621507471,40,73.89067762137131,56.40133054846446,-73.89067762137131,3.858435655437256,1027,64.64141004206613,leaves63__time_risk,leaves63,A,False
,time_risk,3,12927,4.321619864439103,7.948716447793947,0.3362033462801177,-1.3946767388268502,9.439650687972234,40,74.02049180734402,55.73605631623734,-74.02049180734402,4.08207821313916,1027,51.80051491688937,leaf15__time_risk,leaf15,A,False
,time_risk,3,12927,4.318744919747587,7.939655623999409,0.3377158210384268,-1.3946336702761402,9.40217045245692,40,73.95048913738786,55.73605631623734,-73.95048913738786,4.0968486273485984,1027,54.007803374901414,leaf60__time_risk,leaf60,A,False
,time_risk,3,12927,4.317540459897005,7.941223781601115,0.3374541803370533,-1.3828307027891078,9.456609927532163,40,73.98091212165602,55.720584822464616,-73.98091212165602,4.090971044887768,1027,51.530398125061765,l2zero__time_risk,l2zero,A,False
,time_risk,3,12927,4.284797768038194,7.909545548408191,0.3427295433068174,-1.3678085438870606,9.365512475000596,40,74.01535249868549,56.16152239498724,-74.01535249868549,3.908270075682696,1027,92.51257291715592,rounds600__time_risk,rounds600,A,False
,time_risk,3,12927,4.286755900454925,7.914568024190005,0.3418945590413035,-1.3615079566904371,9.429219783152309,40,73.98790084187894,56.11510791366906,-73.98790084187894,3.902049177706266,1027,47.49480979098007,rate010__time_risk,rate010,A,False
HGB_best,time_risk,4,12927,4.211879661579146,7.6010184123614275,0.3597063643740203,-1.332483003375416,9.14408504574618,34,72.09941238694987,56.146050901214515,-72.09941238694987,4.113059952179122,1027,0.0,control__time_risk,control,A,True
,time_risk,4,12927,4.260908121079008,7.650266312138673,0.3513824086931221,-1.3723367898592094,9.211522654736653,34,72.26112860789802,55.674170341146436,-72.26112860789802,4.26808646248181,1027,44.72279395884834,leaves15__time_risk,leaves15,A,False
,time_risk,4,12927,4.179003985879646,7.562275381875092,0.3662169904596565,-1.2968233570014565,9.075299690168398,34,71.90784564468478,56.50189525798716,-71.90784564468478,3.8990797354846864,1027,64.96595783298835,leaves63__time_risk,leaves63,A,False
,time_risk,4,12927,4.217334086340526,7.606251509468526,0.3588244109224159,-1.336315118591154,9.127209278336391,34,72.13009730138708,56.07642917923725,-72.13009730138708,4.110378243821799,1027,52.79290345800109,leaf15__time_risk,leaf15,A,False
,time_risk,4,12927,4.209348465089658,7.601195625508614,0.3596765079082519,-1.328570859881308,9.084686820365135,34,72.14694126328364,56.21567262319177,-72.14694126328364,4.113554941931735,1027,55.269906000001356,leaf60__time_risk,leaf60,A,False
,time_risk,4,12927,4.217278072953754,7.6082889163931,0.3584808749400352,-1.342069446954007,9.172062019838467,34,72.24176802430917,56.099636419896335,-72.24176802430917,4.118189466295802,1027,51.51084104180336,l2zero__time_risk,l2zero,A,False
,time_risk,4,12927,4.1805053673500625,7.563768841461778,0.36596663650457706,-1.3056211395348234,9.0787349211193,34,72.01544618420805,56.385859054691736,-72.01544618420805,3.936406078496735,1027,92.04737983294763,rounds600__time_risk,rounds600,A,False
,time_risk,4,12927,4.186339676021244,7.56752834200324,0.3653361991634837,-1.3073561135050702,9.054998485749927,34,71.99992777527729,56.79585363966891,-71.99992777527729,3.9248448059062113,1027,47.2981547920499,rate010__time_risk,rate010,A,False
HGB_best,time_risk,5,12926,4.259362027830351,7.627123963271137,0.3529510274368966,-1.499503960710141,9.21798381832858,52,62.10376954871029,55.732631904688226,-62.10376954871029,4.106017958354916,1025,0.0,control__time_risk,control,A,True
,time_risk,5,12926,4.310868752412563,7.684140324080533,0.34324087408165616,-1.530994315758837,9.314476915690108,52,62.40394249341516,55.36902367321678,-62.40394249341516,4.254233879646337,1025,45.753663750132546,leaves15__time_risk,leaves15,A,False
,time_risk,5,12926,4.230494222232314,7.589729630418346,0.3592801891681987,-1.4562453112528577,9.114217316618486,52,61.810374688807556,55.887358811697354,-61.810374688807556,3.903869357098142,1025,64.68518062494695,leaves63__time_risk,leaves63,A,False
,time_risk,5,12926,4.255928616648815,7.627033736279709,0.3529663362051988,-1.4986300070387297,9.193952810099217,52,62.10486218269065,55.740368250038685,-62.10486218269065,4.097467260868413,1025,53.23937445809133,leaf15__time_risk,leaf15,A,False
,time_risk,5,12926,4.256503536410118,7.62582732412356,0.35317101015034225,-1.493710422416953,9.265143846713013,52,62.05675589963392,55.902831502398264,-62.05675589963392,4.112719301551518,1025,54.65075224987231,leaf60__time_risk,leaf60,A,False
,time_risk,5,12926,4.262638406665673,7.629952721727934,0.35247098156838164,-1.505867456689124,9.194127041473145,52,62.111847516292414,55.70942286863686,-62.111847516292414,4.1118875189325825,1025,52.0575288340915,l2zero__time_risk,l2zero,A,False
,time_risk,5,12926,4.22237351916181,7.5857611540367165,0.35995004614825443,-1.4678906008030288,9.143643043584166,52,61.86486865445305,56.04982206405694,-61.86486865445305,3.9266543662247195,1025,94.64296954195015,rounds600__time_risk,rounds600,A,False
,time_risk,5,12926,4.220437565188147,7.579287528762543,0.36104200659462427,-1.4680725592334878,9.12898288117959,52,61.90314786902293,56.297385115271545,-61.90314786902293,3.936087302950899,1025,47.21340550016612,rate010__time_risk,rate010,A,False
