model,family,algorithm,fold,n,MAE_days,RMSE_days,R2,bias_days,P90_abs_error_days,tail_n,tail_MAE_days,fit_predict_seconds
linear,linear,linear,1,12215,17.66320966364334,26.633947606423117,-11.964016964617295,14.477315736694209,47.63162545855038,18,48.45561790524143,0.06628262507729232
ridge_a10,linear,ridge,1,12215,4.340960006438528,6.4775718202404455,0.23318079299390027,0.472346512751101,8.39927022416299,18,64.00056705766714,0.041939707938581705
ridge_a100,linear,ridge,1,12215,3.933065799790108,6.229389845291975,0.2908150189011772,-0.3204904438367544,7.495504530983879,18,65.21023025303197,0.037762667052447796
tree_d8,tree-based,tree,1,12215,4.1577388400543365,6.521863404553506,0.22265840750640564,-0.22953550550866944,8.473105475664587,18,64.82084688408123,0.08259245799854398
tree_d14,tree-based,tree,1,12215,4.308998964316857,6.677450295211051,0.18512717204994522,-0.160241252241031,9.03666477001195,18,63.42451356306352,0.10146791604347527
rf_d16_l5,tree-based,forest,1,12215,3.906286130245338,6.2525141500855765,0.2855400727391538,-0.5344970414617931,7.620342137470863,18,65.21068156019886,1.223515833960846
rf_d24_l10,tree-based,forest,1,12215,3.9072366470698965,6.241712171617026,0.2880065731056426,-0.4889423419506517,7.598491875181168,18,65.1773321518567,1.0919741250108927
rf_log_d24_l10,tree-based,forest,1,12215,3.8615050945463993,6.407643545348101,0.24964773685096153,-1.4990366999283242,7.911241925911649,18,66.47576001585156,1.061476584058255
linear,linear,linear,2,17260,6.668307933510686,9.958255041031787,-0.10705259970863978,-4.166268545722691,15.093422401882705,44,56.91293908753585,0.11652770801447332
ridge_a10,linear,ridge,2,17260,6.059728318000232,9.282739053222075,0.0380465625386085,-3.1754383868025196,13.661476849777465,44,55.9270469912316,0.06421670806594193
ridge_a100,linear,ridge,2,17260,5.715149914528417,8.87181362062119,0.12132840794642008,-2.636385538251293,12.858302782230808,44,55.28052604137361,0.06511404202319682
tree_d8,tree-based,tree,2,17260,5.585592793174033,8.837051772176608,0.12820060122069477,-2.8936609449487087,12.877013153393554,44,55.99702557166901,0.1576389588881284
tree_d14,tree-based,tree,2,17260,5.729910670694222,8.9837581751663,0.09901435283528259,-3.0744929652093576,13.260996296296296,44,55.489363239286675,0.20001304196193814
rf_d16_l5,tree-based,forest,2,17260,5.517900490050275,8.765089162788014,0.14234140718552446,-2.880700006400902,12.783787201972943,44,55.61899549668558,2.272374124964699
rf_d24_l10,tree-based,forest,2,17260,5.510176493439633,8.744470650964374,0.14637167875374957,-2.815728789700498,12.661475786512714,44,55.62492575775327,2.37798837502487
rf_log_d24_l10,tree-based,forest,2,17260,5.6682527304254835,9.127374135601652,0.06997746434546837,-3.8550123509878884,13.668183530713314,44,56.99823196992891,2.434220249997452
linear,linear,linear,3,9970,4.408201571040871,6.423744754706339,0.20731711045681533,-2.4320205935510093,10.01766561477671,0,,0.16448837495408952
ridge_a10,linear,ridge,3,9970,4.332197707719769,6.298799724913607,0.23785337395707695,-2.1848474301716627,9.772090975090192,0,,0.09234066610224545
ridge_a100,linear,ridge,3,9970,4.1986556146864835,5.975295110047234,0.3141302479908117,-1.3506847930323487,8.989857422170253,0,,0.0910877080168575
tree_d8,tree-based,tree,3,9970,4.342440740982175,6.040352672652396,0.29911377603753875,-0.6979780678276764,9.004519261447566,0,,0.2580892089754343
tree_d14,tree-based,tree,3,9970,4.512987853127921,6.2546028221258485,0.2485113864081422,-0.8198406737389553,9.56840309733231,0,,0.3482169590424746
rf_d16_l5,tree-based,forest,3,9970,4.236440095442059,5.929257699451872,0.3246582729549661,-0.8347806840796532,8.80516850738401,0,,4.043395291082561
rf_d24_l10,tree-based,forest,3,9970,4.2271355565544475,5.921554769664032,0.32641185866092504,-0.858985449414791,8.75114909931676,0,,4.108634624863043
rf_log_d24_l10,tree-based,forest,3,9970,4.2882660529416174,6.192056172489261,0.2634661576510785,-1.9340676888399062,9.47776878681595,0,,4.030005291104317
