encoded_feature,coefficient_days
calendar__purchase_month_2,0.4136792074149474
calendar__purchase_month_3,0.7122282375945875
calendar__purchase_month_4,2.456035606848599
calendar__purchase_month_5,-0.17351324044357347
calendar__purchase_month_6,-0.5959536720983183
calendar__purchase_month_7,0.0
calendar__purchase_month_8,0.0
calendar__purchase_month_9,0.4464935955647816
calendar__purchase_month_10,2.779985892942237
calendar__purchase_month_11,0.0
calendar__purchase_month_12,-0.04865597578651886
calendar__purchase_weekday_1,-0.1824242823095077
calendar__purchase_weekday_2,0.22248379139311583
calendar__purchase_weekday_3,0.6064453453446857
calendar__purchase_weekday_4,0.7125908225635329
calendar__purchase_weekday_5,0.016160740191136592
calendar__purchase_weekday_6,-0.37663522959525153
calendar__purchase_hour_1,0.12411558013681247
calendar__purchase_hour_2,0.6146714525055789
calendar__purchase_hour_3,-0.3872646815735311
calendar__purchase_hour_4,-0.0204259693191649
calendar__purchase_hour_5,0.22621457766956252
calendar__purchase_hour_6,0.2578448642008659
calendar__purchase_hour_7,0.14497795393760268
calendar__purchase_hour_8,-0.2859431838188279
calendar__purchase_hour_9,-0.5905094147244956
calendar__purchase_hour_10,-0.04842712163754381
calendar__purchase_hour_11,-0.21894280921199677
calendar__purchase_hour_12,0.39954902145298854
calendar__purchase_hour_13,-0.15791045225053435
calendar__purchase_hour_14,-0.2880309596759769
calendar__purchase_hour_15,0.021392003209091563
calendar__purchase_hour_16,0.08485568171923655
calendar__purchase_hour_17,0.09050170182541878
calendar__purchase_hour_18,0.31814067536105495
calendar__purchase_hour_19,0.05269751706089932
calendar__purchase_hour_20,0.1356223492255255
calendar__purchase_hour_21,0.21701936456345952
calendar__purchase_hour_22,0.04913510708532067
calendar__purchase_hour_23,0.11735729006005838
