path,bytes,sha256
data/cv_fold_manifest.csv,4782263,48b4ea032c0060221de0413e06b39e77084f68d11b5218ba11e5bc6df8081766
data/eligible_orders.csv,28249324,86299d72592e098f0d907339afa8453f0069ea70334f4386d6ebcf49efcb0eda
data/locked_test_features.csv,1867142,b0850dbbfa9cd6a2675d9b6ccd9edd99d43841f89a3e66d410c64e3a3d56be7e
data/split_manifest.csv,7985147,c189baa10f055d8acc50371e82878aa726220a11a051cbab0f82face9cf6e4a9
data/stacking_train.csv,9008580,c8a68fced16cd3e9634020ff5b0171dd28c8e5e101c0b3cb602402e67bf3f077
data/stacking_validation.csv,1176942,6f2b27e38cff646867bd352a180c0c1253a4d33f4da5b3a19f8f3660f9871555
models/forest_development.joblib,30571875,508adbd28cca0aa9a3dc6d561ee9c5d5e906e70f2eea6e5d856a47e256e5bc1b
models/linear_development.joblib,11770,ca7595d73264f1775709cc60ecba2fba7e5f4bafc5b543104d62994010915bd7
models/ridge_development.joblib,10666,c51dd8fc485497653c425b1c5f4bb620ad7515b3010dbadd4bedd96a00af04fb
models/tree_development.joblib,34364,e554d3e53ed4bd7d9f86dad86bc979a0190d17a4ff730cfcf19a87834298f16f
outputs/oof/base_oof_predictions.csv,5785013,6ba6baef6d40bdefa3a37c0b22ff460e5ca404e87d9f9c5346b2a9ee570a53c2
outputs/predictions/validation_predictions.csv,1451801,fd0883860ae067c0ae9917e4a7adc5e0eabaf3fd380e18185afd56293cd530b6
