model,fold,n,MAE_days,RMSE_days,R2,bias_days,within_3_days_pct
Delivery promise,1,12927,12.724253743062897,15.202074226249815,-1.4191117964969888,11.132800457662544,7.65838941749826
Delivery promise,2,12927,12.656315255143555,15.073046759445324,-1.46456501660177,11.058063718380135,7.720275392589154
Delivery promise,3,12927,12.815432856223982,15.298195488129686,-1.4587901330446664,11.140880693294827,7.4882029859982975
Delivery promise,4,12927,12.721321235126593,15.046953739959866,-1.5091856060144022,11.1991947821671,7.697068151930068
Delivery promise,5,12926,12.7367582152108,15.057574979368521,-1.5218869293006283,11.197202575128511,7.411418845737273
Training mean,1,12927,6.487463815670616,9.77405750299028,-4.9149057268493834e-08,-0.002166868095505354,28.111704185039066
Training mean,2,12927,6.4499581159690225,9.601673184002664,-7.374531841786158e-05,-0.08245141898044614,28.653206467084395
Training mean,3,12927,6.4579084417042365,9.75621761750592,-9.22643412182289e-06,-0.029634419065171308,29.34942368685697
Training mean,4,12927,6.427013818575636,9.50020576801628,-0.00023406164966988108,0.14532733943706874,28.769242670379825
Training mean,5,12926,6.396955740611533,9.481882333515694,-1.0741822281890023e-05,-0.031076436326657332,29.07318582701532
Training median,1,12927,6.184709029371485,10.054476461396117,-0.05820343094194658,-2.358029163586694,35.592171424151005
Training median,2,12927,6.170261583743757,9.907676373939438,-0.06483375884784981,-2.444733407718269,36.28065289703721
Training median,3,12927,6.175009273047511,10.047170821764384,-0.06054382959667737,-2.400570248997935,35.924808540264564
Training median,4,12927,6.086601142025447,9.754104316076866,-0.054412164709340516,-2.215798142847728,36.24970990949176
Training median,5,12926,6.123463868939146,9.782541461207028,-0.06443448557377107,-2.406863228040242,36.128732786631595
OLS baseline,1,12927,5.009950252968563,8.25711866224317,0.28631380935293993,0.0037842696200747275,43.204146360331094
OLS baseline,2,12927,5.068038170935051,8.175504072570641,0.27495115479758425,-0.0716558265300322,42.34547845594492
OLS baseline,3,12927,5.059351653557761,8.30600393987431,0.2751881004992598,0.0031553117801215763,42.50792914055852
OLS baseline,4,12927,4.986150531098828,7.967837455634167,0.29641503934987756,0.116780279620299,42.68585131894484
OLS baseline,5,12926,4.974562673676892,7.945602661039062,0.29778641257865346,-0.04814760446233364,43.741296611480735
Single-tree baseline,1,12927,5.0397516021590345,8.340840772200167,0.271767758366082,0.0065854934909621455,43.78432737680823
Single-tree baseline,2,12927,5.103308623326336,8.300135201428871,0.2526767047505635,-0.03624491152597838,43.46716175446739
Single-tree baseline,3,12927,5.12599741156236,8.474798091699226,0.2454295921244639,0.032832383949980226,43.157731879012914
Single-tree baseline,4,12927,5.012293004346408,8.067959554903988,0.27862175525333355,0.11416476694457689,43.60640519842191
Single-tree baseline,5,12926,5.010912064899107,8.114334214452388,0.2676455497389666,-0.11254899297321182,44.128113879003564
Ridge F1,1,12927,4.965061801177994,8.210436413846232,0.2943607561808975,-0.004943469520957829,43.38980428560377
Ridge F1,2,12927,5.0336816592014895,8.137821624128316,0.2816195266146241,-0.07081254884311282,42.5543436218767
Ridge F1,3,12927,5.022172707631057,8.266728162235891,0.2820265863359013,-9.043144603765576e-05,42.724530053376654
Ridge F1,4,12927,4.952086629538317,7.929442643534602,0.3031794659514916,0.12425485181409265,42.60075810319486
Ridge F1,5,12926,4.945236172236466,7.921332453203261,0.3020697479841826,-0.04524668558043797,43.60204239517252
RF F1,1,12927,4.736595642218434,7.994612012838319,0.33097087339019826,0.0859116774650754,47.22673474123927
RF F1,2,12927,4.772413485684876,7.909610395345443,0.3213460665321405,-0.005310085444444032,46.29844511487584
RF F1,3,12927,4.78191638266533,8.035756532962715,0.32158633176243323,0.09241470762511274,46.74711843428483
RF F1,4,12927,4.665576772598248,7.663386429831934,0.3491557577474833,0.13795857711718748,47.42012841339832
RF F1,5,12926,4.678138804351674,7.655119392548072,0.3481923114649603,-0.03836291024434799,47.54757852390531
RF log-target F1,1,12927,4.520697526614107,8.114685928208722,0.31072318128987775,-1.292443566700756,52.87382996828344
RF log-target F1,2,12927,4.599138980302538,8.056253456834533,0.29594849880281804,-1.3815066269152054,51.442716794306484
RF log-target F1,3,12927,4.577108315350074,8.153375253100497,0.3015812165498123,-1.3034291159607334,52.13893401407906
RF log-target F1,4,12927,4.4760607126798035,7.798803320367281,0.3259508710744322,-1.2166808138141885,52.55666434594261
RF log-target F1,5,12926,4.519767766711271,7.840297731650572,0.31627627166213035,-1.4011273161199003,52.93981123317345
OLS + time/risk,1,12927,4.789077201864477,7.997268966858138,0.3305261050868421,0.027857270935064557,44.94468940976251
OLS + time/risk,2,12927,4.806436822542516,7.896328119381793,0.32362342278730216,-0.06896908634701572,44.689409762512575
OLS + time/risk,3,12927,4.824593270451118,8.036766959508027,0.32141571179073436,0.022677733688233354,44.93695366287615
OLS + time/risk,4,12927,4.729424334957803,7.678511788260277,0.3465840572542269,0.10101136814468514,45.14581882880792
OLS + time/risk,5,12926,4.720941397915595,7.653026114342214,0.34854873393481667,-0.05787878690362298,45.6134921862912
Single tree + time/risk,1,12927,4.760858580438688,8.035987884212929,0.32402787331797567,0.01811982041031272,47.55163611046647
Single tree + time/risk,2,12927,4.806603534207293,7.894944425982572,0.3238604483493779,-0.03719987600151173,46.236559139784944
Single tree + time/risk,3,12927,4.7998906620547395,8.027745115892339,0.32293837510120194,0.053009353963500726,46.99466233464841
Single tree + time/risk,4,12927,4.719527474420575,7.755410990944585,0.3334307860178428,0.10327447006054465,46.74711843428483
Single tree + time/risk,5,12926,4.720531681952712,7.723686942256877,0.3364634245275113,-0.050022841146764196,47.238124709887046
Ridge + time/risk,1,12927,4.744768979665004,7.953992502199936,0.33775209000741513,0.020802633061355706,45.81109306103504
Ridge + time/risk,2,12927,4.767006816723861,7.8552035634932995,0.330650297314503,-0.06845476518907477,45.28506227276243
Ridge + time/risk,3,12927,4.791251313054039,8.003512200533976,0.3270198234002749,0.0191022069187921,45.462984451148756
Ridge + time/risk,4,12927,4.692329055619172,7.637317315707536,0.35357627709414674,0.11106408861681633,45.48619169180784
Ridge + time/risk,5,12926,4.692256136786077,7.630469808562967,0.35238321167288555,-0.05404206976619791,45.90747330960854
RF + time/risk,1,12927,4.423717264736949,8.004901894919971,0.32924754743892215,-1.21788039257729,54.12702096387406
RF + time/risk,2,12927,4.44547827220657,7.873120029399724,0.3275934554683346,-1.3015039455429362,52.95892318403341
RF + time/risk,3,12927,4.45221121921468,7.9868760375086305,0.32981463942693134,-1.2078670355433379,53.423067997215135
RF + time/risk,4,12927,4.357048206169032,7.645214694035719,0.352238715242964,-1.1268358788520763,53.60099017560146
RF + time/risk,5,12926,4.397630070423259,7.67788933208257,0.34430897695661444,-1.3095692757641009,53.90685440198051
HGB all purchase,1,12927,4.383500311889437,8.088334521186937,0.3151925895889529,-1.5649562528447076,55.40341920012377
HGB all purchase,2,12927,4.444968650356653,8.0160718482394,0.30295408078373043,-1.6135664749851322,54.552487042623966
HGB all purchase,3,12927,4.46021161939977,8.141574863933783,0.30360139816594045,-1.5278221061067565,53.77891235398777
HGB all purchase,4,12927,4.336872626821473,7.77312146790865,0.33038291708216805,-1.462396738651114,54.900595652510255
HGB all purchase,5,12926,4.400417118313496,7.8237310349909475,0.3191626611502556,-1.6280759442608177,54.59538913817112
HGB + time/risk (31 leaves),1,12927,4.276170476553594,7.9268362151843625,0.34226642510664607,-1.420875156612972,56.3935948015781
HGB + time/risk (31 leaves),2,12927,4.2981276140969715,7.814018691569783,0.3376507052302168,-1.4865769887522118,55.73605631623734
HGB + time/risk (31 leaves),3,12927,4.318851860986136,7.947916558558357,0.33633693692601474,-1.395414367469635,55.83662102576004
HGB + time/risk (31 leaves),4,12927,4.211879661579146,7.6010184123614275,0.35970636437402037,-1.332483003375416,56.146050901214515
HGB + time/risk (31 leaves),5,12926,4.259362027830351,7.627123963271136,0.35295102743689677,-1.499503960710141,55.732631904688226
Final HGB (63 leaves),1,12927,4.244215355380646,7.897231220289063,0.3471702319730544,-1.374696403245589,56.89641834919161
Final HGB (63 leaves),2,12927,4.260297586611781,7.775686610514023,0.3441331449985202,-1.4491251187741578,56.37038756091901
Final HGB (63 leaves),3,12927,4.2750657259452725,7.9002780831384944,0.34426886376528265,-1.352051610175366,56.40133054846446
Final HGB (63 leaves),4,12927,4.179003985879646,7.562275381875092,0.3662169904596565,-1.2968233570014565,56.50189525798716
Final HGB (63 leaves),5,12926,4.230494222232314,7.589729630418346,0.3592801891681987,-1.4562453112528577,55.887358811697354
