model,strategy,fit_seconds,train_rows_after_sampling,threshold,val_pr_auc,val_roc_auc,val_balanced_acc,val_brier,val_precision,val_recall,val_f1,val_accuracy,val_precision_weighted,val_recall_weighted,val_f1_weighted,val_recall_top10,val_flag_rate,test_pr_auc,test_roc_auc,test_balanced_acc,test_brier,test_precision,test_recall,test_f1,test_accuracy,test_precision_weighted,test_recall_weighted,test_f1_weighted,test_recall_top10,test_flag_rate
A_linear_tuned,none,2.8,52482,0.2534900671151114,0.4897660352851815,0.7759948410536501,0.7194922033555696,0.09325729628319658,0.5491564863292612,0.507799892415277,0.5276690888764674,0.871198841551711,0.8672446291564168,0.871198841551711,0.8690767904850621,0.42872512103281335,0.13101135584178036,0.4897485128518431,0.7843082506284983,0.7138058293563603,0.09345452626907165,0.552001953125,0.49377593360995853,0.5212680115273776,0.8714758765821805,0.8660073326182646,0.8714758765821805,0.8684526884564728,0.4265123389386329,0.1267601275028626
A_linear_tuned,class_weight,3.8,52482,0.6618113262559409,0.4843384273536225,0.7780108843794759,0.7237769880079621,0.16710977067666105,0.5370985603543743,0.521785906401291,0.529331514324693,0.8685313619388766,0.8669789148788697,0.8685313619388766,0.8677350828972169,0.4249596557288865,0.1376419480222544,0.48566720039098144,0.7870700979493627,0.7163258817626215,0.1651619097550101,0.5369595536959554,0.5044769600349421,0.5202116878729873,0.8681335685327887,0.864858597910183,0.8681335685327887,0.8664047253909326,0.42170779646210965,0.1331352706341101
A_linear_tuned,random_oversampler,4.7,90092,0.6614374079213335,0.48511925683247104,0.7785542531454583,0.7234636291129878,0.16717023282628923,0.5365448504983389,0.5212479827864444,0.5287858117326057,0.868378934532429,0.8668246078462772,0.868378934532429,0.8675817322686918,0.42334588488434644,0.1376419480222544,0.4859741567891769,0.7866961826050566,0.7162888012665418,0.16529155909049834,0.5373516406795439,0.5042585717405547,0.5202794051374493,0.8682264104230496,0.8648959319440495,0.8682264104230496,0.8664663914904838,0.42127101987333476,0.13298053415034197
A_linear_tuned,smote,5.8,90092,0.6818124412707363,0.4842025905529458,0.776108377231282,0.719037915351591,0.16780435011071965,0.5526161081716637,0.5056481979558902,0.5280898876404494,0.8719609785839494,0.8675427220581052,0.8719609785839494,0.8695656151958412,0.42227003765465304,0.12963950918375125,0.48341978267695185,0.7825855076318339,0.7127679731227587,0.16620493552056823,0.5513103110457996,0.4915920506660843,0.5197413992149619,0.8712592455049052,0.8656377551934735,0.8712592455049052,0.8681437989364003,0.42192618475649707,0.12635781264506546
A_linear_tuned,adasyn,8.8,91190,0.6783061805461442,0.4726256706636723,0.7730740906430428,0.7209252572762266,0.19918967687603428,0.5244299674267101,0.5196342119419043,0.5220210753850311,0.8651779589970277,0.8646643748267381,0.8651779589970277,0.8649191565028435,0.41366325981710594,0.14038564133831263,0.47108122234537825,0.7801899847446319,0.7140944532601725,0.19765978009397733,0.5195330040413112,0.5053505132124918,0.5123436289161961,0.8636771578002661,0.8621330241551293,0.8636771578002661,0.86288718979871,0.4158113125136493,0.13783925974066166
B_tree_base,none,2.3,52482,0.35365853658536583,0.49989800343969226,0.7770321184627974,0.7148760048333836,0.09306954709406086,0.574857864813645,0.48951048951048953,0.5287623474723998,0.8763813733709321,0.8691686425370084,0.8763813733709321,0.8721733535837394,0.4228079612694997,0.12064629220333815,0.4827903552681518,0.7711905546456349,0.7058858991952579,0.094532517795091,0.5730277185501066,0.4695348329329548,0.5161445204657304,0.8752514467861232,0.8665003868354498,0.8752514467861232,0.8699759973133998,0.4254203974666958,0.1161142574196144
B_tree_base,class_weight,2.1,52482,0.7328465332440336,0.49278833394038735,0.7715974038665732,0.7162176852968214,0.17139475683179317,0.5473251028806584,0.50080688542227,0.5230337078651686,0.8705891319259202,0.8661166523646986,0.8705891319259202,0.8681681039300823,0.41581495427649273,0.12963950918375125,0.4823620633275494,0.7720035773977516,0.7078861986425089,0.16943667159490683,0.5494011976047904,0.4808910242411007,0.5128682892744847,0.8705474576795716,0.8640689374710325,0.8705474576795716,0.8669029457296921,0.4223629613452719,0.12403676538854332
B_tree_base,random_oversampler,3.5,90092,0.7285714285714285,0.4707194963129884,0.7653875672297049,0.705816968982413,0.16906828397842436,0.5373493975903615,0.47982786444324904,0.5069622051719238,0.8677692249066382,0.8620320688438218,0.8677692249066382,0.8646094045956225,0.4195804195804196,0.1265147473515738,0.4606186080610818,0.7635174432590848,0.696065363284211,0.16819974975274948,0.5310763011622032,0.4590521948023586,0.492444652688298,0.8659053631665274,0.858572305592742,0.8659053631665274,0.8617705220888298,0.40423673291111595,0.12248940055086188
B_tree_base,smote,4.2,90092,0.4474708171206226,0.4496787808872188,0.7531598594157505,0.7039677669979707,0.10711921974612468,0.5149082568807339,0.4830554061323292,0.49847349431029697,0.8622818382745218,0.858770546909462,0.8622818382745218,0.8604337902354793,0.40344271113501884,0.13291669842237636,0.4509075888394584,0.7577553081923109,0.7029902620743,0.10558138580690678,0.5207887859349014,0.47870714129722647,0.4988620846609012,0.8637081050970198,0.8591934399927648,0.8637081050970198,0.8612905215954372,0.4160297008080367,0.13025717203602266
B_tree_base,adasyn,7.4,90401,0.45662100456621,0.45389335980704637,0.757794757733285,0.704979132174739,0.10459531911311254,0.5575333757151939,0.47175901022054867,0.5110722610722611,0.8721134059903971,0.8643224561585034,0.8721134059903971,0.8675865420076445,0.4179666487358795,0.11988415517109977,0.4593409200201086,0.7639980565693875,0.7015283700127343,0.10328574214492266,0.5605499735589635,0.46298318410133216,0.5071163736395168,0.8724661900782966,0.8637529579950922,0.8724661900782966,0.8672909691825053,0.41843197204629834,0.11704267632222326
B_rf,none,42.6,52482,0.2571740459451233,0.517537851348047,0.7903637351405886,0.7250696621111767,0.09165678342003673,0.542713567839196,0.5228617536309844,0.5326027397260275,0.8699794223001296,0.8680152494754744,0.8699794223001296,0.8689639471578209,0.42549757934373317,0.13649874247389682,0.5097093875515436,0.7914356983802366,0.7176058990698977,0.09222614260839357,0.5459702198061924,0.5044769600349421,0.5244040862656073,0.8703308266022963,0.8663112592223003,0.8703308266022963,0.8681740524580156,0.4308801048263813,0.13093801256460247
B_rf,class_weight,39.3,52482,0.6555175537700215,0.515307299429188,0.7901230976719685,0.7209676243732225,0.14805468259282598,0.5530921820303384,0.5099515868746638,0.5306465155331654,0.872189619693621,0.8681334148666572,0.872189619693621,0.8700049732556102,0.4281871974179666,0.13063028732566115,0.5077456172964401,0.7912400080110881,0.7140592508057823,0.14707672549196615,0.5531914893617021,0.49399432190434595,0.5219197046608214,0.8717544022529632,0.8662237961263789,0.8717544022529632,0.868691051135694,0.42913299847128195,0.12654349642558724
B_rf,random_oversampler,63.5,90092,0.6532605826122694,0.5065070785928645,0.7866394428215664,0.7215081272701862,0.14866130914524645,0.5519442832269298,0.5115653577192039,0.5309882747068677,0.8719609785839494,0.8681425656546149,0.8719609785839494,0.8699145404671231,0.42926304464766,0.13131621065467572,0.5058261604039472,0.7885802167041202,0.7154808220603455,0.14749704615357276,0.5532069970845481,0.49727014632015726,0.5237492811960897,0.8718472441432241,0.8666151118458816,0.8718472441432241,0.868965669402123,0.43044332823760645,0.1273790734379352
B_rf,smote,63.5,90092,0.40140526957724115,0.49685333172897517,0.777043462527664,0.7197348230502609,0.09910061531941208,0.5378531073446328,0.5121032813340506,0.5246624414439239,0.8685313619388766,0.8659386067050744,0.8685313619388766,0.8671779663733148,0.4314147391070468,0.13489825470619618,0.49703642798769254,0.7820621954491608,0.7128445791125888,0.09847651725241285,0.5368445914029287,0.49639659314260753,0.5158288891410416,0.8679478847522669,0.8638796972738837,0.8679478847522669,0.8657713120275276,0.4245468442891461,0.13103085445486337
B_rf,adasyn,68.3,90401,0.44408451914314967,0.49415373207950924,0.7749029449574508,0.7108049184808334,0.09928418776023118,0.5647798742138365,0.4830554061323292,0.5207306465642215,0.874018748570993,0.8668046945251968,0.874018748570993,0.8698492886736641,0.42764927380311996,0.12117978812590503,0.49467946660974516,0.7800654630999613,0.7052549047480091,0.09868470697699296,0.5677317137575918,0.4695348329329548,0.5139851781018407,0.8741682913997463,0.865660341827686,0.8741682913997463,0.8690978145826125,0.42738589211618255,0.1171974128059914
B_catboost,none,2.9,52482,0.21924330121708982,0.510196389122358,0.7840973692373224,0.7264846610570146,0.09192586848731096,0.5292225201072386,0.5309306078536847,0.5300751879699248,0.8666260193582807,0.8668058719698216,0.8666260193582807,0.8667156945065322,0.4319526627218935,0.14213855651246093,0.506305314089247,0.7881056469870943,0.721215845607051,0.0923445655184038,0.5339499210466953,0.5169250928150251,0.5252996005326231,0.867607464487977,0.865860190408263,0.867607464487977,0.8667088247904642,0.42913299847128195,0.13718936650883545
B_catboost,class_weight,2.9,52482,0.6190120033005653,0.49908571060515766,0.7848400114290855,0.7240273455490045,0.16508983109109468,0.5223642172523961,0.5277030661646046,0.5250200695745251,0.8647206767776846,0.8652992387923586,0.8647206767776846,0.8650074713360876,0.4303388918773534,0.14312933465437086,0.4980631024115123,0.7872996954359712,0.7184230913107964,0.16342052235593402,0.5253631284916201,0.5134308801048264,0.5193284736028275,0.8653173645282085,0.8640473293048517,0.8653173645282085,0.8646698649842611,0.4269491155274077,0.13848915297248784
B_catboost,random_oversampler,4.0,90092,0.6119109643327959,0.5009025877006379,0.785421161901634,0.7299310596101711,0.16332426662049274,0.5113350125944585,0.5459924690693921,0.5280957336108221,0.8617483423519549,0.8657131483459785,0.8617483423519549,0.8636253058621515,0.4314147391070468,0.1512842008993217,0.5017816417282469,0.7881629804107416,0.7223137007448526,0.1616392727036815,0.510989010989011,0.5280628958287836,0.519385672860058,0.8615108470275121,0.8634552957753417,0.8615108470275121,0.862457157280565,0.4284778335881197,0.1464426082381704
B_catboost,smote,6.9,90092,0.32629693241277,0.4938105349821382,0.7769657974772519,0.7181473943184529,0.09490106825032811,0.5478413068844807,0.5051102743410436,0.5256087321578505,0.8708177730355918,0.8667122599653796,0.8708177730355918,0.8686096777986042,0.4324905863367402,0.13063028732566115,0.4950070721150875,0.7829319019878627,0.7113082977015935,0.09478533814633397,0.5524233432245301,0.48787944966149815,0.5181491360315436,0.8714139819886733,0.8653769806183094,0.8714139819886733,0.8680392218403408,0.42804105699934486,0.12515086807167394
B_catboost,adasyn,9.7,90401,0.36883609120059857,0.49503987289036083,0.7763561316079656,0.7134790608623648,0.09464116829683747,0.5789473684210527,0.48520710059171596,0.5279484928299678,0.8770672966999467,0.8693068453973481,0.8770672966999467,0.8724633641713656,0.42872512103281335,0.11874094962274218,0.4944842250876284,0.7830182249732677,0.7019426258500147,0.09452162159069144,0.5787444933920705,0.4590521948023586,0.5119961027889417,0.8759941819082103,0.8661794803627696,0.8759941819082103,0.8698839952393111,0.42804105699934486,0.11240058180917897
