feature,rf,catboost,logistic
n_items,0.023607723205807955,0.16355511551283636,0.018992500443798507
wd_delivery_time_delta,0.023236944755937745,0.10922334950030854,0.1434911306276788
delivery_time_delta,0.01697307462638561,0.049336833961249965,0.20019135725356738
delivery_vs_seller_prior,0.01338003544933672,0.0403412473198526,0.09336170016476181
wd_actual_delivery_time,0.011858965931878955,0.052465929873282136,0.13748226866499821
actual_delivery_time,0.011538320867150818,0.08749683002548685,0.07185213903598377
seller_id_enc,0.01020335044643787,0.0867441215291371,0.09919256264484623
is_delivered,0.009529835420411848,0.10777099462262693,0.07095117087615194
promised_days,0.005794772349982526,0.05450811169310034,0.3844610799678507
carrier_transit_days,0.004997488447748013,0.08340389674696709,0.19449613451901532
carrier_handover_days,0.004834786202416172,0.032218646754706,0.06858328356580487
customer_zip2,0.004729345966125128,0.03297317895025901,0.03335150484042148
n_sellers,0.0043395702059255215,0.02374341753955594,0.038453009405789766
main_category,0.0037732994732435905,0.05702519637746041,0.02587874894107328
purchase_month_num,0.0035003591139845273,0.034519339211207326,0.052602849843483394
seller_prior_low_review_rate,0.0033652194289044528,0.03642971020430242,0.0531215920050143
carrier_shipped,0.002576977588477316,0.01850724284071143,0.016688915663879006
route_prior_orders,0.002330940465503108,0.016849499161509147,0.022566911582140938
route_prior_mean_delivery_days,0.0019748197770861654,0.009338785128787684,0.06318412631351994
max_distance_km,0.0019038658370408568,0.014961485813180096,0.015258589335807097
payment_max_installments,0.0017383686702131052,0.015158864665620608,0.04690727803888637
seller_prior_orders,0.0016978198492015254,0.009873120969813758,0.000673039280358212
freight_ratio,0.0016690602018086171,0.012572744888407133,0.05770081783241131
approval_lag_hours,0.0016008704375984901,0.004456820787022441,0.010287904532898028
n_distinct_products,0.0015667406938953948,0.011670658139926692,0.01317499409896594
total_volume_cm3,0.0013464478581309133,0.007530200423808555,0.012848210273521581
days_to_shipping_limit,0.0012826516652630373,0.02620400044046676,0.00487301687170866
seller_tenure_days,0.001275818756319497,0.008244278147637668,0.022866075410959884
seller_prior_late_rate,0.0012518877410426434,0.012629923919243845,0.04483864962238785
total_freight,0.0011867473050093192,0.016061097830965685,0.05120653028804569
route_prior_late_rate,0.001147806925788453,0.006466066478911094,0.016614222079472964
seller_prior_mean_delivery_days,0.0009670024238824578,0.010277266296634183,0.0242998596912737
customer_state,0.0008850182180968421,0.013686424958662886,0.08799475152757325
purchase_hour,0.0007305757699870339,0.010633616001096797,0.020752408649888296
total_price,0.000698926180701589,0.01631424661558307,0.7791337360276358
max_weight_g,0.0006954827532169949,0.007751250877361889,0.9665254747328974
total_order_value,0.0006542598127019923,0.004716424517960936,0.4927186644427123
max_dimension_cm,0.0006477502347580572,0.007540247910551687,0.022824976177372516
total_weight_g,0.000643878812983379,0.009002627123480697,0.979182797204054
customer_region,0.0006392642912891859,0.019103729381940524,0.08795882959616319
payment_total,0.000614522321688156,0.011904079265554727,0.28219497749119593
purchase_dow,0.0004292076939654053,0.008164281597240494,0.014503759416124336
main_payment_type,0.00018929149532315287,0.009886014628050046,0.028361834529626526
seller_state,0.00011807843994840653,0.004655827218179443,0.024468983610326813
same_state,0.0001077296529619177,0.0010646088995235957,0.02216438511074558
seller_region,8.800008222892525e-05,0.008101714160751101,0.017933818538702198
n_categories,4.194410859770051e-05,0.0018556174890574687,0.0005356996205134245
is_weekend,3.584247004788891e-05,0.0,0.013175861193681346
same_city,1.7922644745387273e-05,0.0004982229941783617,0.0003986659398076079
black_friday_week,1.2756186193236267e-05,0.0019844144580559186,0.015971756353084232
n_payment_methods,1.0220936616851179e-05,0.00015543555172712595,0.0034569154128564258
any_distance_missing,0.0,0.0,0.0024992957407135434
