feature,roc_auc,pr_auc
is_delivered,0.690215703452866,0.3342263583632057
seller_id_enc,0.6090853875165992,0.2057025377645598
customer_zip2,0.5980205060570619,0.19585482158267345
total_freight,0.5775121801821527,0.17934361247846192
carrier_handover_days,0.5720786358157778,0.18993831679300993
customer_state,0.5701103330913585,0.1756636203545688
route_prior_mean_delivery_days,0.5646258479031727,0.1748370160625576
main_category,0.5630949006732786,0.17170219977336765
seller_prior_low_review_rate,0.5551110911137139,0.17961392412274074
n_items,0.5546292191204285,0.16848422773482
wd_actual_delivery_time,0.5518731845316822,0.16795077425244032
payment_total,0.5499558703935574,0.16314559953327396
total_order_value,0.5499427351605541,0.1631256707017945
max_distance_km,0.5488375366556588,0.16404530355941493
total_price,0.5427352656359664,0.1602048496631034
same_state,0.5408886906981247,0.15271236806301103
route_prior_late_rate,0.54067967331768,0.1647987544574855
carrier_shipped,0.5395084642963828,0.1962955982259031
seller_prior_mean_delivery_days,0.535398760358803,0.16255949269722778
actual_delivery_time,0.5343735673640185,0.1653281028646868
purchase_month_num,0.5339319608304486,0.15726212976688847
promised_days,0.5311447599161218,0.156627480497529
total_weight_g,0.5298986084199805,0.1577479905980088
delivery_vs_seller_prior,0.5280447255161407,0.16309331225050852
customer_region,0.5279674664638396,0.15213346104923073
n_distinct_products,0.5236585368649629,0.15499272329714045
total_volume_cm3,0.522733482110147,0.15621421158689183
route_prior_orders,0.5207603312906374,0.14589044503422804
carrier_transit_days,0.5192465315103731,0.15744514115284036
payment_max_installments,0.5192321782830368,0.1512380149505029
seller_state,0.5192253479618752,0.1484759446117528
n_sellers,0.5169906627121494,0.15604962575467873
seller_tenure_days,0.5146530927646455,0.14787526412765137
black_friday_week,0.5139130776194831,0.14688407220643865
max_weight_g,0.5137200613410604,0.15007097895224233
days_to_shipping_limit,0.5135168951098625,0.15314923131098473
seller_prior_orders,0.5110748164721363,0.1478925493198531
seller_prior_late_rate,0.5102643487135925,0.1502046794751244
seller_region,0.5084969911718815,0.1440989802763035
max_dimension_cm,0.5069157957051896,0.1474271147107637
same_city,0.5067923722794425,0.14335353394727346
main_payment_type,0.5061070235858154,0.14351817195051264
n_categories,0.5057728154937287,0.14602169288190914
is_weekend,0.5038090265130141,0.1426337646471719
wd_delivery_time_delta,0.5034963363208107,0.151274505298209
freight_ratio,0.5025811210496265,0.1419455765049883
purchase_hour,0.5024652682945375,0.14545369692606447
purchase_dow,0.5015983667985635,0.14252781067579037
approval_lag_hours,0.5014162647046545,0.14165454525671412
delivery_time_delta,0.5010936156176106,0.15259212931976412
n_payment_methods,0.5003338498584595,0.14230824673705958
any_distance_missing,0.5000283721032871,0.1416882320952719
