cohort,algorithm,model,CV_MAE_mean,CV_MAE_std,CV_RMSE_mean
mature,forest,forest_combined,6.268651012362784,1.8738391087482897,9.91404086046014
mature,forest,forest_control,5.219153185276642,1.1717774516328725,8.587765994271713
mature,forest,forest_history,6.169766830016884,1.950173920407273,9.719509200341944
mature,forest,forest_online_history,5.735800131746333,1.6176878498724463,9.225152025544693
mature,forest,forest_temporal,6.165779354665292,1.7699603942002797,9.820888888818113
mature,linear,linear_baseline,10.28168852118057,6.395599244371505,15.913793848936336
mature,ridge,ridge_combined,5.742900141312547,0.6403145049874119,9.27065295856569
mature,ridge,ridge_control,5.235873678117403,1.1118041186698875,8.564304426909862
mature,ridge,ridge_history,5.237431506771987,1.176276958881954,8.600713561972011
mature,ridge,ridge_online_history,5.348915221261318,1.2581755144995093,8.763215914015804
mature,ridge,ridge_spline5_a100,5.307073643069068,1.2237690715241631,8.647711895089179
mature,ridge,ridge_spline5_a1000,5.242019367090582,1.139674534986651,8.544843319705938
mature,ridge,ridge_spline5_a1000_temporal,5.954199915078842,0.8001205999718422,9.488615345786778
mature,ridge,ridge_spline5_a100_temporal,7.83629749508265,1.3088185673387052,11.259639462694873
mature,ridge,ridge_spline8_a100,5.3200184610262236,1.219863043670972,8.659828200168809
mature,ridge,ridge_spline8_a1000,5.248073890030024,1.1412626219591415,8.548710638026458
mature,ridge,ridge_temporal,5.920411273111401,0.6724899948115518,9.445005746274695
mature,tree,tree_baseline,5.364931082753539,1.1089085345159944,8.732101057036319
original_conditional,forest,forest_combined,5.469951189418107,1.027516884371558,8.297511314163371
original_conditional,forest,forest_control,4.54496641665554,0.8385250900381085,6.976382451370589
original_conditional,forest,forest_history,5.390245046832153,1.1149640929555462,8.106995785138464
original_conditional,forest,forest_online_history,5.026534494757009,1.0228857924866763,7.65702106846043
original_conditional,forest,forest_temporal,5.4300448251787445,1.1060790583988978,8.297491435332907
original_conditional,linear,linear_baseline,9.580373698885076,7.091107772756302,14.339381342237134
original_conditional,ridge,ridge_combined,5.086710460126265,0.9380480880122759,7.683459045306741
original_conditional,ridge,ridge_control,4.540111795435887,0.8096489279313982,6.906204412751848
original_conditional,ridge,ridge_history,4.518049510982402,0.8172536090451609,6.925931031732831
original_conditional,ridge,ridge_online_history,4.642385913467429,1.019124878992116,7.109511581766474
original_conditional,ridge,ridge_spline5_a100,4.5973548531035195,0.9833581527472587,6.999080035609353
original_conditional,ridge,ridge_spline5_a1000,4.547684919337173,0.8194727532187861,6.896291262585014
original_conditional,ridge,ridge_spline5_a1000_temporal,5.282095023004946,1.1947131670578122,7.885583605507267
original_conditional,ridge,ridge_spline5_a100_temporal,7.1026986798357195,2.489881177629128,9.635334287311853
original_conditional,ridge,ridge_spline8_a100,4.61010145613142,0.9866450207457476,7.010556441896445
original_conditional,ridge,ridge_spline8_a1000,4.553450354979157,0.8202164289008764,6.899669413010458
original_conditional,ridge,ridge_temporal,5.273255098844864,1.1060688017674887,7.868730207224588
original_conditional,tree,tree_baseline,4.6867072144312,0.785754784519885,7.1223266606411135
