model,group,n,MAE_days,RMSE_days,R2,bias_days,P90_abs_error_days,tail_n,tail_MAE_days
ridge_control,"(-0.001, 7.0]",1404,3.0239342563094365,4.018376760793821,-5.7968255578011165,2.610319678887327,6.574963677654458,0,
ridge_control,"(7.0, 14.0]",2248,3.0410678464523784,3.79623303757612,-2.44824602906163,1.2580948000014618,6.313532904040005,0,
ridge_control,"(14.0, 30.0]",2507,6.626029289657058,8.003273879631136,-2.2336674926434763,-6.221229625676054,13.127487744683219,0,
ridge_control,"(30.0, 60.0]",807,22.67372038499758,23.86213521519224,-10.929024785873315,-22.67372038499758,32.34174630753606,0,
ridge_control,"(60.0, inf]",37,53.01945900855518,54.340270437352494,-27.96698992417412,-53.01945900855518,69.98043985277516,37,53.01945900855518
forest_control,"(-0.001, 7.0]",1404,2.703844921158987,3.663595367148151,-4.649627563031516,2.4919281175368955,5.691073173798746,0,
forest_control,"(7.0, 14.0]",2248,3.109527237791374,4.252572270962212,-3.327089937549383,0.8465680891524616,6.288310923664794,0,
forest_control,"(14.0, 30.0]",2507,7.196141362925798,8.608515605527414,-2.741248405446759,-6.101147971889804,14.091589747337384,0,
forest_control,"(30.0, 60.0]",807,21.877550515199573,23.526088280639343,-10.595401233423173,-21.856814276435433,32.86528791528265,0,
forest_control,"(60.0, inf]",37,52.1317143496743,53.80192877395933,-27.395888863569013,-52.1317143496743,70.04085738676021,37,52.1317143496743
linear_baseline,"(-0.001, 7.0]",1404,3.0894793173239345,4.004249725422821,-5.749119621686596,2.9675283709433353,6.235389977125019,0,
linear_baseline,"(7.0, 14.0]",2248,2.9245648736149756,3.7157668637454577,-2.3036150118745393,0.8251093977544659,6.172797729490317,0,
linear_baseline,"(14.0, 30.0]",2507,6.932734682858873,8.36483870515981,-2.532442853843148,-6.456179213071004,13.750071815267424,0,
linear_baseline,"(30.0, 60.0]",807,22.547499098016175,23.863543650437876,-10.93043302152704,-22.547499098016175,32.68880297189713,0,
linear_baseline,"(60.0, inf]",37,52.928463395519046,54.36029022326688,-27.988337619229416,-52.928463395519046,71.33768915387911,37,52.928463395519046
tree_baseline,"(-0.001, 7.0]",1404,2.67259019432969,3.5890234013717945,-4.421973577531042,2.436777111195547,6.004775782567208,0,
tree_baseline,"(7.0, 14.0]",2248,3.080379953927248,4.682000882854025,-4.245120843479105,0.702898234333509,5.858590369750003,0,
tree_baseline,"(14.0, 30.0]",2507,7.744568976400387,9.279739471254853,-3.3474197068805616,-6.605502327231619,14.729703327480534,0,
tree_baseline,"(30.0, 60.0]",807,23.066164585922373,24.50378973639024,-11.579195034676655,-22.585608090130663,34.01396191969922,0,
tree_baseline,"(60.0, inf]",37,53.2355710734529,54.88158397310512,-28.546976858596867,-53.2355710734529,72.159097607657,37,53.2355710734529
