model,pack,phase,group,n,MAE_days,RMSE_days,R2,bias_days,P90_abs_error_days,tail_n,tail_MAE_days,within_3_days_pct,tail_bias_days
control,time_risk,OOF,0-14,44340,2.5139995278450344,3.4066699649927457,-0.11270482166734586,1.2041442919736725,5.431223502238201,0,,68.9467749210645,
control,time_risk,OOF,14-30,17208,5.449714167177734,6.778959734779536,-1.6444047509329782,-4.342539301457339,11.170599495184618,0,,32.40353324035332,
control,time_risk,OOF,30-60,2879,19.597058693725156,21.406011643762408,-8.066227872187282,-19.587431069720513,31.27634029138193,0,,0.9725599166377213,
control,time_risk,OOF,>60,207,70.06704806327726,79.01564729938302,-3.9878479833353486,-70.06704806327726,128.96215170432228,207,70.06704806327726,0.0,-70.06704806327726
leaves15,time_risk,OOF,0-14,44340,2.5439600326121075,3.423827790547666,-0.12394140942095389,1.2279229662856108,5.49041977947839,0,,68.36941813261164,
leaves15,time_risk,OOF,14-30,17208,5.5223029189893325,6.8497025015087605,-1.6998848323131655,-4.482517264844431,11.232598402071146,0,,31.741050674105065,
leaves15,time_risk,OOF,30-60,2879,19.852576529945384,21.603842017242705,-8.234579008327433,-19.845872936167044,31.663146151006405,0,,0.798888502952414,
leaves15,time_risk,OOF,>60,207,70.25434030839847,79.17511119324095,-4.00800055515199,-70.25434030839847,128.74476949686394,207,70.25434030839847,0.0,-70.25434030839847
leaves63,time_risk,OOF,0-14,44340,2.4994312044499725,3.3980727302654254,-0.10709575839288266,1.2015178269337432,5.404192802637593,0,,69.18132611637347,
leaves63,time_risk,OOF,14-30,17208,5.3986039843448115,6.729708190220202,-1.6061192617352158,-4.2247634817986945,11.126012340631322,0,,33.39144583914459,
leaves63,time_risk,OOF,30-60,2879,19.35441487949428,21.23021985367366,-7.917930820784234,-19.34105452728668,31.240793538918858,0,,1.3893713094824591,
leaves63,time_risk,OOF,>60,207,69.86303805067814,78.92790081866771,-3.976776173919851,-69.86303805067814,129.0081651822317,207,69.86303805067814,0.0,-69.86303805067814
leaf15,time_risk,OOF,0-14,44340,2.5154276422556556,3.4066892981799475,-0.11271745112184606,1.2039009768073239,5.428830188398646,0,,68.85205232295895,
leaf15,time_risk,OOF,14-30,17208,5.451413313320827,6.784249459657809,-1.6485332991877262,-4.344323600284351,11.148933253976724,0,,32.49651324965133,
leaf15,time_risk,OOF,30-60,2879,19.593273017999227,21.406601085959565,-8.066727179666234,-19.581600730284684,31.350420779923,0,,0.93782563390066,
leaf15,time_risk,OOF,>60,207,70.0389456694037,79.0330317317578,-3.9900430028705616,-70.0389456694037,129.36539981470546,207,70.0389456694037,0.0,-70.0389456694037
leaf60,time_risk,OOF,0-14,44340,2.5137184415621654,3.4072458897440843,-0.1130810767336663,1.2026106794184988,5.431017214405485,0,,68.97834912043301,
leaf60,time_risk,OOF,14-30,17208,5.450354874995284,6.781766348119793,-1.6465948680973823,-4.329167532508079,11.152025626559979,0,,32.46164574616458,
leaf60,time_risk,OOF,30-60,2879,19.554904612664103,21.374605672839788,-8.039644235850577,-19.545192533711774,31.310701038988547,0,,1.0072941993747828,
leaf60,time_risk,OOF,>60,207,70.04326739493347,79.0410683215165,-3.9910578941527532,-70.04326739493347,128.6460100902053,207,70.04326739493347,0.0,-70.04326739493347
l2zero,time_risk,OOF,0-14,44340,2.516499202305679,3.4065358899441,-0.11261723876738916,1.2091145420014469,5.433504796339917,0,,68.83852052322959,
l2zero,time_risk,OOF,14-30,17208,5.450265096486379,6.781724872953486,-1.6465624967000174,-4.354954268402512,11.184521293172155,0,,32.4907019990702,
l2zero,time_risk,OOF,30-60,2879,19.611749396679464,21.413954449078357,-8.072957256829952,-19.60001723833018,31.38636938101642,0,,0.868357068426537,
l2zero,time_risk,OOF,>60,207,70.06741456235106,79.04563445944319,-3.9916345694812776,-70.06741456235106,129.07412902768846,207,70.06741456235106,0.0,-70.06741456235106
rounds600,time_risk,OOF,0-14,44340,2.497895939741844,3.3968070050241117,-0.10627116269958226,1.1880108973520669,5.396206714908033,0,,69.18809201623816,
rounds600,time_risk,OOF,14-30,17208,5.403749517931593,6.7354503860040875,-1.610568557625049,-4.23596105857375,11.119387163204163,0,,33.03114830311483,
rounds600,time_risk,OOF,30-60,2879,19.375025067589725,21.242976109697437,-7.928650783734881,-19.356930839719308,31.18732206889807,0,,1.2504341785342132,
rounds600,time_risk,OOF,>60,207,69.93053303266622,78.92703872814083,-3.9766674567712057,-69.93053303266622,128.6947461203368,207,69.93053303266622,0.0,-69.93053303266622
rate010,time_risk,OOF,0-14,44340,2.5009650224940785,3.40147843306571,-0.10931603375285226,1.1835747754209933,5.419157429959621,0,,69.30085701398286,
rate010,time_risk,OOF,14-30,17208,5.413523086805962,6.7485273726806945,-1.6207153209115819,-4.225459885815114,11.13296217633877,0,,33.25197582519758,
rate010,time_risk,OOF,30-60,2879,19.328707801411195,21.20154588902456,-7.893857612907386,-19.30545289719341,31.12284974101535,0,,1.2156998957971519,
rate010,time_risk,OOF,>60,207,69.91131615439586,78.96925177274122,-3.9819922850678315,-69.91131615439586,128.5549251613713,207,69.91131615439586,0.0,-69.91131615439586
control,time,OOF,0-14,44340,2.502694619994229,3.343081813472003,-0.07155349420707102,1.192732430371854,5.429625427238702,0,,68.70094722598105,
control,time,OOF,14-30,17208,5.378991760320455,6.7263868221987675,-1.6035474577498459,-4.458983073157564,11.104517736590992,0,,33.542538354253836,
control,time,OOF,30-60,2879,20.358129762941473,22.00968543797439,-8.584794085847532,-20.357351470401518,31.91939364490727,0,,0.38207711010767625,
control,time,OOF,>60,207,70.86610805639602,79.62295543001882,-4.064815057207837,-70.86610805639602,129.2714015889846,207,70.86610805639602,0.0,-70.86610805639602
leaves63,time,OOF,0-14,44340,2.48872827379485,3.347918619626247,-0.07465640712368948,1.1887985026044625,5.394332964160542,0,,69.10013531799729,
leaves63,time,OOF,14-30,17208,5.327276926452825,6.672915739370081,-1.5623184395583554,-4.304274774844471,11.031657167332948,0,,33.96094839609484,
leaves63,time,OOF,30-60,2879,19.95523315956,21.68398714907427,-8.303222295142595,-19.950594333918016,31.800130598481264,0,,0.6946856547412296,
leaves63,time,OOF,>60,207,70.37962960446822,79.25867716163356,-4.018577597948563,-70.37962960446822,128.80821672953587,207,70.37962960446822,0.0,-70.37962960446822
