candidate,configuration,pack,CV_MAE,CV_SD,CV_RMSE,fit_MAE,folds,loss,max_iter,learning_rate,max_leaf_nodes,min_samples_leaf,l2_regularization
control__time_risk,control,time_risk,4.27287832820924,0.04082112841756,7.783382768189014,4.096657919846516,5,absolute_error,300,0.05,31,30,10
leaves15__time_risk,leaves15,time_risk,4.324738974522981,0.0436737402028166,7.834443591464563,4.248287308815421,5,absolute_error,300,0.05,15,30,10
leaves63__time_risk,leaves63,time_risk,4.237815375209932,0.0368997865897926,7.745040185247004,3.881828682683306,5,absolute_error,300,0.05,63,30,10
leaf15__time_risk,leaf15,time_risk,4.274051715854314,0.0399106730506451,7.78525931641523,4.09249483003485,5,absolute_error,300,0.05,31,15,10
leaf60__time_risk,leaf60,time_risk,4.270902229781586,0.0419608838570412,7.7812207726234845,4.1018720892804135,5,absolute_error,300,0.05,31,60,10
l2zero__time_risk,l2zero,time_risk,4.275395379847218,0.0383275738135119,7.78596229942664,4.102137342290848,5,absolute_error,300,0.05,31,30,0
rounds600__time_risk,rounds600,time_risk,4.239266149200775,0.0397173459746254,7.747464871858403,3.9173863406280662,5,absolute_error,600,0.05,31,30,10
rate010__time_risk,rate010,time_risk,4.241848952068267,0.0390204555228567,7.748177145088436,3.918631985278565,5,absolute_error,300,0.1,31,30,10
control__time,control,time,4.282753635035807,0.0466927339772423,7.84686546413414,4.086705519875972,5,absolute_error,300,0.05,31,30,10
leaves63__time,leaves63,time,4.239899779697807,0.0476817733113961,7.78355474702177,3.874373247658364,5,absolute_error,300,0.05,63,30,10
