model,Test_MAE_days,Final_HGB_MAE_reduction_days,Final_HGB_MAE_reduction_pct
Delivery promise,12.72190644115618,8.571414754513755,67.37523809155427
Training mean,6.374345686116996,2.2238539994745707,34.88756507696175
Training median,6.075167003534898,1.9246753168924728,31.681027299703544
OLS baseline,4.960715157688541,0.8102234710461156,16.332795681492858
Single-tree baseline,5.029703635946704,0.8792119493042785,17.480392741644923
Ridge F1,4.921387952497321,0.7708962658548959,15.664204352426847
RF F1,4.652512554942804,0.5020208683003791,10.79031732578636
RF log-target F1,4.454153869767152,0.30366218312472704,6.817505456779414
OLS + time/risk,4.698254535352017,0.547762848709592,11.658858509856168
Single tree + time/risk,4.67826574362868,0.5277740569862548,11.281403962676322
Ridge + time/risk,4.661487147696428,0.5109954610540024,10.962069504074929
RF + time/risk,4.316294615672248,0.16580292902982308,3.8413255765211436
HGB all purchase,4.330269591408487,0.1797779047660617,4.151656172233521
HGB + time/risk (31 leaves),4.192270945105909,0.041779258463483515,0.9965782033305114
Final HGB (63 leaves),4.150491686642425,0.0,0.0
