outer_fold,model,base_model,weight
1,mean_two_fixed,ridge_fixed,0.5
1,mean_two_fixed,forest_fixed,0.5
1,stack_two_fixed,ridge_fixed,0.16329908644663774
1,stack_two_fixed,forest_fixed,0.8367009135533623
1,mean_three_fixed,ridge_fixed,0.3333333333333333
1,mean_three_fixed,forest_fixed,0.3333333333333333
1,mean_three_fixed,hgb,0.3333333333333333
1,stack_three_fixed,ridge_fixed,0.0
1,stack_three_fixed,forest_fixed,0.0
1,stack_three_fixed,hgb,1.0
1,mean_two_tuned,ridge_tuned,0.5
1,mean_two_tuned,forest_tuned,0.5
1,stack_two_tuned,ridge_tuned,0.14124861961272211
1,stack_two_tuned,forest_tuned,0.8587513803872779
1,mean_three_tuned,ridge_tuned,0.3333333333333333
1,mean_three_tuned,forest_tuned,0.3333333333333333
1,mean_three_tuned,hgb,0.3333333333333333
1,stack_three_tuned,ridge_tuned,0.0
1,stack_three_tuned,forest_tuned,0.006320967975592492
1,stack_three_tuned,hgb,0.9936790320244075
2,mean_two_fixed,ridge_fixed,0.5
2,mean_two_fixed,forest_fixed,0.5
2,stack_two_fixed,ridge_fixed,0.17637348679927556
2,stack_two_fixed,forest_fixed,0.8236265132007244
2,mean_three_fixed,ridge_fixed,0.3333333333333333
2,mean_three_fixed,forest_fixed,0.3333333333333333
2,mean_three_fixed,hgb,0.3333333333333333
2,stack_three_fixed,ridge_fixed,0.0
2,stack_three_fixed,forest_fixed,0.0
2,stack_three_fixed,hgb,1.0
2,mean_two_tuned,ridge_tuned,0.5
2,mean_two_tuned,forest_tuned,0.5
2,stack_two_tuned,ridge_tuned,0.16907639615842196
2,stack_two_tuned,forest_tuned,0.830923603841578
2,mean_three_tuned,ridge_tuned,0.3333333333333333
2,mean_three_tuned,forest_tuned,0.3333333333333333
2,mean_three_tuned,hgb,0.3333333333333333
2,stack_three_tuned,ridge_tuned,0.0
2,stack_three_tuned,forest_tuned,0.01688156423210739
2,stack_three_tuned,hgb,0.9831184357678926
3,mean_two_fixed,ridge_fixed,0.5
3,mean_two_fixed,forest_fixed,0.5
3,stack_two_fixed,ridge_fixed,0.17252586574964215
3,stack_two_fixed,forest_fixed,0.8274741342503579
3,mean_three_fixed,ridge_fixed,0.3333333333333333
3,mean_three_fixed,forest_fixed,0.3333333333333333
3,mean_three_fixed,hgb,0.3333333333333333
3,stack_three_fixed,ridge_fixed,0.0
3,stack_three_fixed,forest_fixed,0.0
3,stack_three_fixed,hgb,1.0
3,mean_two_tuned,ridge_tuned,0.5
3,mean_two_tuned,forest_tuned,0.5
3,stack_two_tuned,ridge_tuned,0.1248338809103033
3,stack_two_tuned,forest_tuned,0.8751661190896967
3,mean_three_tuned,ridge_tuned,0.3333333333333333
3,mean_three_tuned,forest_tuned,0.3333333333333333
3,mean_three_tuned,hgb,0.3333333333333333
3,stack_three_tuned,ridge_tuned,0.0
3,stack_three_tuned,forest_tuned,0.022993612469214077
3,stack_three_tuned,hgb,0.977006387530786
4,mean_two_fixed,ridge_fixed,0.5
4,mean_two_fixed,forest_fixed,0.5
4,stack_two_fixed,ridge_fixed,0.1648858755015856
4,stack_two_fixed,forest_fixed,0.8351141244984144
4,mean_three_fixed,ridge_fixed,0.3333333333333333
4,mean_three_fixed,forest_fixed,0.3333333333333333
4,mean_three_fixed,hgb,0.3333333333333333
4,stack_three_fixed,ridge_fixed,0.0
4,stack_three_fixed,forest_fixed,0.0
4,stack_three_fixed,hgb,1.0
4,mean_two_tuned,ridge_tuned,0.5
4,mean_two_tuned,forest_tuned,0.5
4,stack_two_tuned,ridge_tuned,0.1399313169777876
4,stack_two_tuned,forest_tuned,0.8600686830222124
4,mean_three_tuned,ridge_tuned,0.3333333333333333
4,mean_three_tuned,forest_tuned,0.3333333333333333
4,mean_three_tuned,hgb,0.3333333333333333
4,stack_three_tuned,ridge_tuned,0.0
4,stack_three_tuned,forest_tuned,0.019075663557404334
4,stack_three_tuned,hgb,0.9809243364425957
5,mean_two_fixed,ridge_fixed,0.5
5,mean_two_fixed,forest_fixed,0.5
5,stack_two_fixed,ridge_fixed,0.1720157674018452
5,stack_two_fixed,forest_fixed,0.8279842325981548
5,mean_three_fixed,ridge_fixed,0.3333333333333333
5,mean_three_fixed,forest_fixed,0.3333333333333333
5,mean_three_fixed,hgb,0.3333333333333333
5,stack_three_fixed,ridge_fixed,0.0
5,stack_three_fixed,forest_fixed,0.0
5,stack_three_fixed,hgb,1.0
5,mean_two_tuned,ridge_tuned,0.5
5,mean_two_tuned,forest_tuned,0.5
5,stack_two_tuned,ridge_tuned,0.1423258231084881
5,stack_two_tuned,forest_tuned,0.8576741768915119
5,mean_three_tuned,ridge_tuned,0.3333333333333333
5,mean_three_tuned,forest_tuned,0.3333333333333333
5,mean_three_tuned,hgb,0.3333333333333333
5,stack_three_tuned,ridge_tuned,0.0
5,stack_three_tuned,forest_tuned,0.02444735830189832
5,stack_three_tuned,hgb,0.9755526416981016
