shared_v2_column,phase1_declared_role,source_commit
order_id,identifier,ce57de2ef86ce3e8d887c7703326b1139f95070b
order_item_id,identifier,ce57de2ef86ce3e8d887c7703326b1139f95070b
product_id,identifier,ce57de2ef86ce3e8d887c7703326b1139f95070b
seller_id,identifier,ce57de2ef86ce3e8d887c7703326b1139f95070b
customer_id,identifier,ce57de2ef86ce3e8d887c7703326b1139f95070b
customer_unique_id,identifier,ce57de2ef86ce3e8d887c7703326b1139f95070b
price,safe_at_purchase,ce57de2ef86ce3e8d887c7703326b1139f95070b
freight_value,safe_at_purchase,ce57de2ef86ce3e8d887c7703326b1139f95070b
item_revenue,safe_at_purchase,ce57de2ef86ce3e8d887c7703326b1139f95070b
product_category_name_english,safe_at_purchase,ce57de2ef86ce3e8d887c7703326b1139f95070b
product_weight_g,safe_at_purchase,ce57de2ef86ce3e8d887c7703326b1139f95070b
customer_state,safe_at_purchase,ce57de2ef86ce3e8d887c7703326b1139f95070b
customer_city,safe_at_purchase,ce57de2ef86ce3e8d887c7703326b1139f95070b
customer_zip_code_prefix,safe_at_purchase,ce57de2ef86ce3e8d887c7703326b1139f95070b
seller_state,safe_at_purchase,ce57de2ef86ce3e8d887c7703326b1139f95070b
seller_city,safe_at_purchase,ce57de2ef86ce3e8d887c7703326b1139f95070b
seller_zip_code_prefix,safe_at_purchase,ce57de2ef86ce3e8d887c7703326b1139f95070b
customer_lat,safe_at_purchase,ce57de2ef86ce3e8d887c7703326b1139f95070b
customer_lng,safe_at_purchase,ce57de2ef86ce3e8d887c7703326b1139f95070b
seller_lat,safe_at_purchase,ce57de2ef86ce3e8d887c7703326b1139f95070b
seller_lng,safe_at_purchase,ce57de2ef86ce3e8d887c7703326b1139f95070b
distance_km,safe_at_purchase,ce57de2ef86ce3e8d887c7703326b1139f95070b
same_state,safe_at_purchase,ce57de2ef86ce3e8d887c7703326b1139f95070b
order_purchase_timestamp,safe_at_purchase,ce57de2ef86ce3e8d887c7703326b1139f95070b
order_date,safe_at_purchase,ce57de2ef86ce3e8d887c7703326b1139f95070b
year_month,safe_at_purchase,ce57de2ef86ce3e8d887c7703326b1139f95070b
year,safe_at_purchase,ce57de2ef86ce3e8d887c7703326b1139f95070b
month,safe_at_purchase,ce57de2ef86ce3e8d887c7703326b1139f95070b
day_of_week,safe_at_purchase,ce57de2ef86ce3e8d887c7703326b1139f95070b
order_estimated_delivery_date,safe_at_purchase,ce57de2ef86ce3e8d887c7703326b1139f95070b
promised_days,safe_at_purchase,ce57de2ef86ce3e8d887c7703326b1139f95070b
shipping_limit_date,safe_at_purchase,ce57de2ef86ce3e8d887c7703326b1139f95070b
payment_total,known_shortly_after_purchase,ce57de2ef86ce3e8d887c7703326b1139f95070b
payment_max_installments,known_shortly_after_purchase,ce57de2ef86ce3e8d887c7703326b1139f95070b
n_payment_methods,known_shortly_after_purchase,ce57de2ef86ce3e8d887c7703326b1139f95070b
main_payment_type,known_shortly_after_purchase,ce57de2ef86ce3e8d887c7703326b1139f95070b
order_delivered_customer_date,post_outcome_do_not_use_as_feature,ce57de2ef86ce3e8d887c7703326b1139f95070b
delivery_days,post_outcome_do_not_use_as_feature,ce57de2ef86ce3e8d887c7703326b1139f95070b
is_on_time,post_outcome_do_not_use_as_feature,ce57de2ef86ce3e8d887c7703326b1139f95070b
order_status,post_outcome_do_not_use_as_feature,ce57de2ef86ce3e8d887c7703326b1139f95070b
review_score,post_outcome_do_not_use_as_feature,ce57de2ef86ce3e8d887c7703326b1139f95070b
review_creation_date,post_outcome_do_not_use_as_feature,ce57de2ef86ce3e8d887c7703326b1139f95070b
review_answer_timestamp,post_outcome_do_not_use_as_feature,ce57de2ef86ce3e8d887c7703326b1139f95070b
has_review_comment,post_outcome_do_not_use_as_feature,ce57de2ef86ce3e8d887c7703326b1139f95070b
is_low_review,post_outcome_do_not_use_as_feature,ce57de2ef86ce3e8d887c7703326b1139f95070b
