model,algorithm,fold,cohort,n,MAE_days,RMSE_days,R2,bias_days,P90_abs_error_days,tail_n,tail_MAE_days
linear_baseline,linear,1,mature,12215,17.663796842579742,26.634811313032163,-11.964857792935495,14.477242167779792,47.62790348444482,18,48.454978948972894
linear_baseline,linear,1,original_conditional,12215,17.663796842579742,26.634811313032163,-11.964857792935495,14.477242167779792,47.62790348444482,18,48.454978948972894
tree_baseline,tree,1,mature,12215,4.131267183266264,6.497813441845957,0.22838087218625092,-0.3254067312041723,8.38697641557189,18,64.82294513570437
tree_baseline,tree,1,original_conditional,12215,4.131267183266264,6.497813441845957,0.22838087218625092,-0.3254067312041723,8.38697641557189,18,64.82294513570437
ridge_control,ridge,1,mature,12215,3.995437839389651,6.271965669838923,0.28108780016673884,-0.11784151165780014,7.472495833574569,18,65.47535473406961
ridge_control,ridge,1,original_conditional,12215,3.995437839389651,6.271965669838923,0.28108780016673884,-0.11784151165780014,7.472495833574569,18,65.47535473406961
ridge_temporal,ridge,1,mature,12215,5.192639303320397,7.874388207052119,-0.13318848275910078,-4.522750900690557,11.098505965349922,18,69.52125098939558
ridge_temporal,ridge,1,original_conditional,12215,5.192639303320397,7.874388207052119,-0.13318848275910078,-4.522750900690557,11.098505965349922,18,69.52125098939558
ridge_history,ridge,1,mature,12215,3.936005622494282,6.21885647915876,0.2932113336583726,-0.23934009210359153,7.423275257397124,18,65.02017262161974
ridge_history,ridge,1,original_conditional,12215,3.936005622494282,6.21885647915876,0.2932113336583726,-0.23934009210359153,7.423275257397124,18,65.02017262161974
ridge_combined,ridge,1,mature,12215,5.00596948824466,7.682634393870574,-0.07867059763745154,-4.31862712843852,10.762267925753662,18,68.93668124322235
ridge_combined,ridge,1,original_conditional,12215,5.00596948824466,7.682634393870574,-0.07867059763745154,-4.31862712843852,10.762267925753662,18,68.93668124322235
forest_control,forest,1,mature,12215,3.9057201052546193,6.254161576866014,0.28516352805601275,-0.5480481323144802,7.61158791790877,18,65.29695198901301
forest_control,forest,1,original_conditional,12215,3.9057201052546193,6.254161576866014,0.28516352805601275,-0.5480481323144802,7.61158791790877,18,65.29695198901301
forest_temporal,forest,1,mature,12215,4.24165098980497,6.953264433040324,0.11641974887180828,-2.9463167507271395,9.267640133971009,18,68.1722090747239
forest_temporal,forest,1,original_conditional,12215,4.24165098980497,6.953264433040324,0.11641974887180828,-2.9463167507271395,9.267640133971009,18,68.1722090747239
forest_history,forest,1,mature,12215,4.132433827227349,6.802783201164385,0.15425046106752138,-2.6559084760621574,8.958396855684587,18,67.83260401418518
forest_history,forest,1,original_conditional,12215,4.132433827227349,6.802783201164385,0.15425046106752138,-2.6559084760621574,8.958396855684587,18,67.83260401418518
forest_combined,forest,1,mature,12215,4.325733780414584,7.055427111560987,0.0902645303958477,-3.194680720649406,9.465286373557596,18,68.57892786921191
forest_combined,forest,1,original_conditional,12215,4.325733780414584,7.055427111560987,0.0902645303958477,-3.194680720649406,9.465286373557596,18,68.57892786921191
ridge_spline5_a100,ridge,1,mature,12215,3.9099088953927463,6.212924897751521,0.29455896892559275,-0.34367122011980195,7.501311256398162,18,65.02837041585015
ridge_spline5_a100,ridge,1,original_conditional,12215,3.9099088953927463,6.212924897751521,0.29455896892559275,-0.34367122011980195,7.501311256398162,18,65.02837041585015
ridge_spline5_a1000,ridge,1,mature,12215,3.970436556670183,6.211915672671952,0.2947881334392777,-0.08739170638326944,7.458178839578734,18,64.91703982475468
ridge_spline5_a1000,ridge,1,original_conditional,12215,3.970436556670183,6.211915672671952,0.2947881334392777,-0.08739170638326944,7.458178839578734,18,64.91703982475468
ridge_spline8_a100,ridge,1,mature,12215,3.9263551497956595,6.257711675187649,0.28435176136704565,-0.31920319383813334,7.487874608941142,18,65.09951584763601
ridge_spline8_a100,ridge,1,original_conditional,12215,3.9263551497956595,6.257711675187649,0.28435176136704565,-0.31920319383813334,7.487874608941142,18,65.09951584763601
ridge_spline8_a1000,ridge,1,mature,12215,3.9747411426861374,6.220653890525522,0.29280271397887936,-0.104847064779661,7.470540074669512,18,64.93814574397994
ridge_spline8_a1000,ridge,1,original_conditional,12215,3.9747411426861374,6.220653890525522,0.29280271397887936,-0.104847064779661,7.470540074669512,18,64.93814574397994
ridge_spline5_a100_temporal,ridge,1,mature,12215,8.543220721666946,10.913484668911265,-1.1766840449430158,-8.413855092052657,15.816953703703708,18,72.64298050403468
ridge_spline5_a100_temporal,ridge,1,original_conditional,12215,8.543220721666946,10.913484668911265,-1.1766840449430158,-8.413855092052657,15.816953703703708,18,72.64298050403468
ridge_spline5_a1000_temporal,ridge,1,mature,12215,5.086978082600314,7.743522887777338,-0.09583629673309746,-4.350766693028599,10.837745206611853,18,68.9441575340613
ridge_spline5_a1000_temporal,ridge,1,original_conditional,12215,5.086978082600314,7.743522887777338,-0.09583629673309746,-4.350766693028599,10.837745206611853,18,68.9441575340613
ridge_online_history,ridge,1,mature,12215,3.908348832295411,6.230355403090407,0.29059515397860947,-0.4234755905922015,7.457264362712675,18,65.20548143926788
ridge_online_history,ridge,1,original_conditional,12215,3.908348832295411,6.230355403090407,0.29059515397860947,-0.4234755905922015,7.457264362712675,18,65.20548143926788
forest_online_history,forest,1,mature,12215,3.9648504525134136,6.433744797597076,0.24352223278863683,-1.1209780160600415,8.010851333347015,18,66.56787619097821
forest_online_history,forest,1,original_conditional,12215,3.9648504525134136,6.433744797597076,0.24352223278863683,-1.1209780160600415,8.010851333347015,18,66.56787619097821
linear_baseline,linear,2,mature,17279,6.769651798045537,10.528618422851958,-0.10100675847322105,-4.27074835726617,15.177401881588006,63,69.38443310333757
linear_baseline,linear,2,original_conditional,17260,6.66893295955131,9.959214352982102,-0.10726590212710096,-4.167278698066566,15.094961361733366,44,56.91338065765963
tree_baseline,tree,2,mature,17279,5.684722336213318,9.443697839593465,0.11420876588446216,-2.9411748435341516,12.875988427485776,63,67.8221397212322
tree_baseline,tree,2,original_conditional,17260,5.585736621726454,8.830486086238672,0.12949556583742805,-2.8391690014481616,12.81515183431537,44,55.82481013650667
ridge_control,ridge,2,mature,17279,5.569564817247461,9.275147456344506,0.14554566443517436,-2.6736222777471434,12.474732675709246,63,67.36169128779787
ridge_control,ridge,2,original_conditional,17260,5.470498237940339,8.653005463696175,0.1641358046880591,-2.5713678126781154,12.390245383743043,44,55.18353774460565
ridge_temporal,ridge,2,mature,17279,6.518826068841591,10.5511661150807,-0.10572755712859405,-5.619223256780638,15.528170153970756,63,70.3615134333085
ridge_temporal,ridge,2,original_conditional,17260,6.417426219283411,9.97714613323261,-0.11125680402625848,-5.516833114439772,15.471082651052694,44,58.15355108218795
ridge_history,ridge,2,mature,17279,5.551476237171784,9.2805938558891,0.14454189256836392,-2.8116230811255707,12.561726216907546,63,67.47565417290457
ridge_history,ridge,2,original_conditional,17260,5.452361549509408,8.657575855811892,0.16325258878384963,-2.7094923326309317,12.487558019251871,44,55.33565125759387
ridge_combined,ridge,2,mature,17279,6.163351761462958,10.170707144213585,-0.027423537926469788,-4.988945328521395,14.727813224087184,63,69.64068679255892
ridge_combined,ridge,2,original_conditional,17260,6.062519285573311,9.582397084089688,-0.025061904574464222,-4.886820052966286,14.649698546445302,44,57.49752387745698
forest_control,forest,2,mature,17279,5.5943869471588235,9.37634228333445,0.12679921390390547,-3.0323128462736038,12.816825364136367,63,67.93887724824698
forest_control,forest,2,original_conditional,17260,5.494389097319028,8.750597037986303,0.14517515362834965,-2.929494636763078,12.729887297871809,44,55.63393241837928
forest_temporal,forest,2,mature,17279,6.5311381460584945,10.562835258694463,-0.1081746854456811,-5.580604766205613,15.330757211603991,63,70.78702840799527
forest_temporal,forest,2,original_conditional,17260,6.429458909904246,9.986827373287202,-0.11341444777983489,-5.477879172333103,15.253831661126952,44,58.64789883877892
forest_history,forest,2,mature,17279,6.357690292533141,10.254986350474073,-0.04452150434168822,-5.1695668036527,14.8649589971483,63,69.77262851480346
forest_history,forest,2,original_conditional,17260,6.257012234989257,9.671698975231216,-0.044256791439812204,-5.067580846555587,14.786864526118293,44,57.66309562879624
forest_combined,forest,2,mature,17279,6.415441526720454,10.412373604193435,-0.07682888680916866,-5.422390052503392,15.143500072518227,63,70.42995557198269
forest_combined,forest,2,original_conditional,17260,6.313842598241873,9.830434339325743,-0.07881550597872078,-5.319697961915303,15.066643114932472,44,58.218097874702885
ridge_spline5_a100,ridge,2,mature,17279,5.822465565990615,9.453839657919353,0.1123051985018182,-2.554071053880485,12.769090569056335,63,67.48902680331776
ridge_spline5_a100,ridge,2,original_conditional,17260,5.723737910150479,8.844473259529005,0.12673568617888242,-2.451745513003843,12.706294072108918,44,55.389602342146425
ridge_spline5_a1000,ridge,2,mature,17279,5.584270463519248,9.250465543039434,0.15008715715313936,-2.5599725973738368,12.389055342320907,63,67.2228811003417
ridge_spline5_a1000,ridge,2,original_conditional,17260,5.485634780985783,8.630506375352201,0.1684768935804709,-2.458007734107072,12.322310455603361,44,55.147465681524245
ridge_spline8_a100,ridge,2,mature,17279,5.839811204219395,9.443958542697501,0.11415985883222579,-2.443701715599399,12.702801699147418,63,67.38226692666996
ridge_spline8_a100,ridge,2,original_conditional,17260,5.741174608280249,8.834505232949917,0.12870297498726524,-2.341326644556906,12.605775970882533,44,55.26497176341772
ridge_spline8_a1000,ridge,2,mature,17279,5.590719587239738,9.24873591115607,0.15040495714107183,-2.5285813589927097,12.367614714411449,63,67.20999715346878
ridge_spline8_a1000,ridge,2,original_conditional,17260,5.492094361889533,8.62852160558333,0.16885930269568084,-2.4265852978176676,12.272346196733315,44,55.1303354310555
ridge_spline5_a100_temporal,ridge,2,mature,17279,8.639642134365786,12.369908297707605,-0.519778066229398,-8.32619808453726,18.526351062791818,63,73.42929141867016
ridge_spline5_a100_temporal,ridge,2,original_conditional,17260,8.537241701973816,11.858427130724479,-0.5698420029397637,-8.223452609448492,18.4431776097763,44,61.237743084950964
ridge_spline5_a1000_temporal,ridge,2,mature,17279,6.663741428486559,10.676601025959759,-0.13217416359288015,-5.812386815273886,15.77181523294044,63,70.660629833587
ridge_spline5_a1000_temporal,ridge,2,original_conditional,17260,6.5623565777625785,10.108603795079638,-0.14073329090277165,-5.710064783921223,15.702535024033413,44,58.52513792906415
ridge_online_history,ridge,2,mature,17279,5.906158590786063,9.830591386168942,0.04014307648587678,-3.8234193169889674,13.926441542670858,63,68.66328055024219
ridge_online_history,ridge,2,original_conditional,17260,5.805964364907005,9.227424997419078,0.049476596948102136,-3.7209323885489507,13.809613495180612,44,56.45948460835864
forest_online_history,forest,2,mature,17279,6.106768504111353,10.129635957823249,-0.01914244156023881,-4.69186564122343,14.610382755813639,63,69.99867734484968
forest_online_history,forest,2,original_conditional,17260,6.005612603565943,9.537757559525783,-0.01553366370192677,-4.5891521998671925,14.52941482268348,44,57.907664266673216
linear_baseline,linear,3,mature,13620,6.411616922916431,10.577951810924892,0.04758426070868216,-4.739977727842441,15.388784540393292,82,63.281483224696586
linear_baseline,linear,3,original_conditional,9970,4.408391294524176,6.424118360697139,0.20722490265599414,-2.432652212066949,10.01849450401729,0,
tree_baseline,tree,3,mature,13620,6.278803728781034,10.254791889669534,0.10488858025224812,-3.2638691029143816,14.476531687770262,82,62.963846602225495
tree_baseline,tree,3,original_conditional,9970,4.343117838300882,6.038680453838711,0.299501790764371,-0.6789719103480913,8.982375201487988,0,
ridge_control,ridge,3,mature,13620,6.142618377715097,10.145800154546157,0.12381461935827487,-3.389399695913207,14.367513858426479,82,62.56160594954822
ridge_control,ridge,3,original_conditional,9970,4.1543993089776725,5.793642104720446,0.35519817344498683,-0.7135855756875493,8.518024208678211,0,
ridge_temporal,ridge,3,mature,13620,6.049768447172215,9.909462916691266,0.16415908001541601,-2.761692591850518,13.67204198904062,82,61.78795999676502
ridge_temporal,ridge,3,original_conditional,9970,4.209699773930784,5.7546562813890345,0.3638468098372074,-0.15046853990128248,8.48684667069194,0,
ridge_history,ridge,3,mature,13620,6.224812660649895,10.302690350868174,0.09650721281439867,-3.8776284645764107,14.742376331246989,82,62.90863525447817
ridge_history,ridge,3,original_conditional,9970,4.165781360943515,5.901360760227841,0.3309982390659586,-1.2293563398516933,8.863846191886894,0,
ridge_combined,ridge,3,mature,13620,6.059379174230023,9.958617337612907,0.15584638426986153,-2.9833337427513342,13.833011648387338,82,61.89242108627725
ridge_combined,ridge,3,original_conditional,9970,4.191642606560825,5.785345657959961,0.3570435527981157,-0.3990078321147487,8.556563510353135,0,
forest_control,forest,3,mature,13620,6.157352503416485,10.132794122614674,0.1260595661778271,-3.371579576852002,14.221954558780228,82,62.53518492578346
forest_control,forest,3,original_conditional,9970,4.2347900473929725,5.92438873925945,0.3257669654937555,-0.8337188608828515,8.80268859974158,0,
forest_temporal,forest,3,mature,13620,7.724548928132411,11.946566974719548,-0.2148135845271104,-6.906214584596544,18.05471843117458,82,65.85157175898739
forest_temporal,forest,3,original_conditional,9970,5.619024575827018,7.952382499671196,-0.2148354415484801,-4.688231147722954,12.817493507416156,0,
forest_history,forest,3,mature,13620,8.019176370290163,12.100758049387373,-0.2463744863367765,-6.420148218652109,18.15330416773231,82,66.39780120841819
forest_history,forest,3,original_conditional,9970,5.781289078279855,7.8465051790197915,-0.18270235930144696,-3.830174118100666,12.430556958902455,0,
forest_combined,forest,3,mature,13620,8.064777729953311,12.274321865625996,-0.28238494344411635,-7.081900763684855,18.395261868417695,82,67.05825417349602
forest_combined,forest,3,original_conditional,9970,5.770277189597865,8.006672491603378,-0.2314791415834596,-4.580039012233527,12.902158476494195,0,
ridge_spline5_a100,ridge,3,mature,13620,6.188846467823844,10.276371129596662,0.10111743647532556,-3.866726220188035,14.609061159252352,82,62.77248132477887
ridge_spline5_a100,ridge,3,original_conditional,9970,4.158417753767333,5.939841949547532,0.32224503136705873,-1.2948729674740698,8.913768623760856,0,
ridge_spline5_a1000,ridge,3,mature,13620,6.1713510810823164,10.17214874340643,0.1192578125141246,-3.382140070578142,14.288743341977831,82,62.566824428248786
ridge_spline5_a1000,ridge,3,original_conditional,9970,4.186983420355552,5.846451739730886,0.3433897320299243,-0.7099890430825723,8.708540071338245,0,
ridge_spline8_a100,ridge,3,mature,13620,6.193889029063616,10.277814382621274,0.100864933707147,-3.847860932938784,14.662490561791534,82,62.78607046790033
ridge_spline8_a100,ridge,3,original_conditional,9970,4.162774610318352,5.939452417551767,0.32233392214599854,-1.2662078862389634,8.932485407425741,0,
ridge_spline8_a1000,ridge,3,mature,13620,6.178760940164196,10.176742112397786,0.11846221123620815,-3.377302452930327,14.352686789125755,82,62.586629488781945
ridge_spline8_a1000,ridge,3,original_conditional,9970,4.1935155603618,5.849832742922523,0.34263007696939796,-0.6988189964585718,8.651880969520747,0,
ridge_spline5_a100_temporal,ridge,3,mature,13620,6.326029629215216,10.495525421465748,0.06236941545954122,-4.511054003978823,15.161968246403584,82,63.306329884173344
ridge_spline5_a100_temporal,ridge,3,original_conditional,9970,4.227633615866398,6.134091062299814,0.27719130287959626,-2.008468915382068,9.447490166865956,0,
ridge_spline5_a1000_temporal,ridge,3,mature,13620,6.111880234149654,10.045722123623236,0.14101472877761467,-3.091772612338228,13.913258987548849,82,62.16701780634738
ridge_spline5_a1000_temporal,ridge,3,original_conditional,9970,4.196950408651946,5.804624133664824,0.35275137278224666,-0.44703762840221783,8.620323852461398,0,
ridge_online_history,ridge,3,mature,13620,6.232238240702476,10.228700952788067,0.10943759226815031,-3.659233921620821,14.492272645034186,82,62.49742888168022
ridge_online_history,ridge,3,original_conditional,9970,4.2128445431998705,5.870754344789936,0.3379195745500807,-0.9772531139479399,8.868983849738793,0,
forest_online_history,forest,3,mature,13620,7.135781438614231,11.112075321213752,-0.05102669893222056,-4.811788129919786,16.147053355835652,82,64.36131048024262
forest_online_history,forest,3,original_conditional,9970,5.109140428191673,6.99956084825843,0.058837708971295144,-2.331462297481691,10.791088561917386,0,
