model,slice,n,MAE_days,RMSE_days,R2,bias_days,P90_abs_error_days,tail_n,tail_MAE_days
promise,All sellers same-state,2573,7.967289003684992,9.916632491498483,-1.163325649234359,6.673491420880655,13.303712962962965,2,35.93778935185185
promise,Any seller cross-state,4430,10.904014596919154,13.350725362460912,-0.3234436117956272,5.18462708228827,20.164586805555558,35,41.02942493386244
train_median,All sellers same-state,2573,5.533921211278806,6.9945858506792264,-0.07626067528735825,1.861888168714282,8.993670138888888,2,54.39905092592593
train_median,Any seller cross-state,4430,10.451713872167879,14.910636045597169,-0.6507756607189406,-9.361981789775104,25.08705902777778,35,58.55834308862434
linear,All sellers same-state,2573,4.123917542686182,6.460033706658673,0.0819569858021123,-1.540674231302643,9.202774431727958,2,52.53407185543968
linear,Any seller cross-state,4430,8.541114719172798,12.485635327782136,-0.1574893667978543,-5.948020711751244,20.83456000462365,35,52.97420801214725
ridge,All sellers same-state,2573,4.1084384226540465,6.438528147411087,0.08805917253806006,-1.517530190080013,9.118036067837533,2,52.75246105616658
ridge,Any seller cross-state,4430,8.543086912318115,12.478056463397527,-0.15608458566531835,-5.937248601034413,20.759118106310808,35,52.93317786055667
tree,All sellers same-state,2573,4.0518758082559305,6.447986539209514,0.08537786743214604,-1.9120511924196177,9.508367953664143,2,56.13525021957907
tree,Any seller cross-state,4430,9.026988322894796,13.073556871741381,-0.26906316468392344,-5.66074033968504,22.114718100969256,35,52.85063163178232
forest,All sellers same-state,2573,3.928753004224954,6.279324296094185,0.13260025974971712,-1.7346398548303639,9.092698663783777,2,51.949163146899146
forest,Any seller cross-state,4430,8.794728104524308,12.747180728382343,-0.20649077112524128,-5.895583780341779,21.12818256022251,35,52.58648982750505
